TRACK,BEGIN,END,TREATMENT,MANUAL,NEWTRACK,ADJUST,OFFSET,RETAIN,CURVE,CYCLE,ELIGIBILITY
2,60,998,CC,false,3,A,0,0,,0,
3,60,998,CC,false,3,A,0,0,,0,
5,60,998,CC,false,6,A,0,0,,0,
5,40,150,CT,false,7,A,0,20,,0,
6,60,998,CC,false,6,A,0,0,,0,
6,40,150,CT,false,8,A,0,20,,0,
8,60,998,CC,false,6,A,0,0,,0,
7,60,998,CC,false,6,A,0,0,,0,
12,60,998,CC,false,13,A,0,0,,0,
12,40,150,CT,false,14,A,0,20,,0,
13,60,998,CC,false,13,A,0,0,,0,
13,40,150,CT,false,15,A,0,20,,0,
15,60,998,CC,false,13,A,0,0,,0,
14,60,998,CC,false,13,A,0,0,,0,
17,60,998,CC,false,18,A,0,0,,0,
17,40,150,CT,false,19,A,0,20,,0,
18,60,998,CC,false,18,A,0,0,,0,
18,40,150,CT,false,20,A,0,20,,0,
20,60,998,CC,false,18,A,0,0,,0,
19,60,998,CC,false,18,A,0,0,,0,
22,60,998,CC,false,23,A,0,0,,0,
22,40,150,CT,false,24,A,0,20,,0,
23,60,998,CC,false,23,A,0,0,,0,
23,40,150,CT,false,25,A,0,20,,0,
25,60,998,CC,false,23,A,0,0,,0,
24,60,998,CC,false,23,A,0,0,,0,
27,60,998,CC,false,28,A,0,0,,0,
27,40,150,CT,false,29,A,0,20,,0,
28,60,998,CC,false,28,A,0,0,,0,
28,40,150,CT,false,30,A,0,20,,0,
30,60,998,CC,false,28,A,0,0,,0,
29,60,998,CC,false,28,A,0,0,,0,
32,60,998,CC,false,33,A,0,0,,0,
32,40,150,CT,false,34,A,0,20,,0,
33,60,998,CC,false,33,A,0,0,,0,
33,40,150,CT,false,35,A,0,20,,0,
35,60,998,CC,false,33,A,0,0,,0,
34,60,998,CC,false,33,A,0,0,,0,
40,60,998,CC,false,41,A,0,0,,0,
40,40,150,CT,false,42,A,0,20,,0,
41,60,998,CC,false,41,A,0,0,,0,
41,40,150,CT,false,43,A,0,20,,0,
43,60,998,CC,false,41,A,0,0,,0,
42,60,998,CC,false,41,A,0,0,,0,
45,60,998,CC,false,46,A,0,0,,0,
45,40,150,CT,false,47,A,0,20,,0,
46,60,998,CC,false,46,A,0,0,,0,
46,40,150,CT,false,48,A,0,20,,0,
48,60,998,CC,false,46,A,0,0,,0,
47,60,998,CC,false,46,A,0,0,,0,
50,60,998,CC,false,51,A,0,0,,0,
51,60,998,CC,false,51,A,0,0,,0,
54,60,998,CC,false,55,A,0,0,,0,
55,60,998,CC,false,55,A,0,0,,0,
57,150,998,CC,false,58,A,0,0,,0,
58,150,998,CC,false,58,A,0,0,,0,
61,60,998,CC,false,62,A,0,0,,0,
62,60,998,CC,false,62,A,0,0,,0,
64,60,998,CC,false,65,A,0,0,,0,
65,60,998,CC,false,65,A,0,0,,0,
67,60,998,CC,false,68,A,0,0,,0,
68,60,998,CC,false,68,A,0,0,,0,
71,150,998,CC,false,72,A,0,0,,0,
72,150,998,CC,false,72,A,0,0,,0,
74,60,998,CC,false,75,A,0,0,,0,
75,60,998,CC,false,75,A,0,0,,0,
82,60,998,CC,false,83,A,0,0,,0,
83,60,998,CC,false,83,A,0,0,,0,
86,150,998,CC,false,87,A,0,0,,0,
87,150,998,CC,false,87,A,0,0,,0,
90,60,998,CC,false,91,A,0,0,,0,
91,60,998,CC,false,91,A,0,0,,0,
94,150,998,CC,false,95,A,0,0,,0,
95,150,998,CC,false,95,A,0,0,,0,
97,60,998,CC,false,98,A,0,0,,0,
98,60,998,CC,false,98,A,0,0,,0,
100,150,998,CC,false,101,A,0,0,,0,
101,150,998,CC,false,101,A,0,0,,0,
103,60,998,CC,false,104,A,0,0,,0,
104,60,998,CC,false,104,A,0,0,,0,
106,60,998,CC,false,107,A,0,0,,0,
107,60,998,CC,false,107,A,0,0,,0,
109,60,998,CC,false,110,A,0,0,,0,
110,60,998,CC,false,110,A,0,0,,0,
115,150,998,CC,false,116,A,0,0,,0,
116,150,998,CC,false,116,A,0,0,,0,
119,150,998,CC,false,120,A,0,0,,0,
120,150,998,CC,false,120,A,0,0,,0,
123,150,998,CC,false,124,A,0,0,,0,
124,150,998,CC,false,124,A,0,0,,0,
126,60,998,CC,false,127,A,0,0,,0,
127,60,998,CC,false,127,A,0,0,,0,
129,60,998,CC,false,130,A,0,0,,0,
130,60,998,CC,false,130,A,0,0,,0,
132,60,998,CC,false,133,A,0,0,,0,
133,60,998,CC,false,133,A,0,0,,0,
136,150,998,CC,false,137,A,0,0,,0,
137,150,998,CC,false,137,A,0,0,,0,
141,60,998,CC,false,142,A,0,0,,0,
142,60,998,CC,false,142,A,0,0,,0,
144,60,998,CC,false,145,A,0,0,,0,
145,60,998,CC,false,145,A,0,0,,0,
147,60,998,CC,false,148,A,0,0,,0,
148,60,998,CC,false,148,A,0,0,,0,
150,60,998,CC,false,151,A,0,0,,0,
151,60,998,CC,false,151,A,0,0,,0,
154,60,998,CC,false,155,A,0,0,,0,
155,60,998,CC,false,155,A,0,0,,0,
158,60,998,CC,false,159,A,0,0,,0,
159,60,998,CC,false,159,A,0,0,,0,
161,60,998,CC,false,162,A,0,0,,0,
162,60,998,CC,false,162,A,0,0,,0,
164,60,998,CC,false,165,A,0,0,,0,
165,60,998,CC,false,165,A,0,0,,0,
167,60,998,CC,false,168,A,0,0,,0,
168,60,998,CC,false,168,A,0,0,,0,
171,60,998,CC,false,172,A,0,0,,0,
172,60,998,CC,false,172,A,0,0,,0,
174,150,998,CC,false,175,A,0,0,,0,
175,150,998,CC,false,175,A,0,0,,0,
180,150,998,CC,false,181,A,0,0,,0,
181,150,998,CC,false,181,A,0,0,,0,
184,60,998,CC,false,185,A,0,0,,0,
185,60,998,CC,false,185,A,0,0,,0,
187,60,998,CC,false,188,A,0,0,,0,
188,60,998,CC,false,188,A,0,0,,0,
190,60,998,CC,false,191,A,0,0,,0,
191,60,998,CC,false,191,A,0,0,,0,
194,60,998,CC,false,195,A,0,0,,0,
195,60,998,CC,false,195,A,0,0,,0,
197,150,998,CC,false,198,A,0,0,,0,
198,150,998,CC,false,198,A,0,0,,0,
200,60,998,CC,false,201,A,0,0,,0,
201,60,998,CC,false,201,A,0,0,,0,
203,60,998,CC,false,204,A,0,0,,0,
204,60,998,CC,false,204,A,0,0,,0,
206,60,998,CC,false,207,A,0,0,,0,
207,60,998,CC,false,207,A,0,0,,0,
209,60,998,CC,false,210,A,0,0,,0,
210,60,998,CC,false,210,A,0,0,,0,
212,150,998,CC,false,213,A,0,0,,0,
213,150,998,CC,false,213,A,0,0,,0,
215,60,998,CC,false,216,A,0,0,,0,
216,60,998,CC,false,216,A,0,0,,0,
220,150,998,CC,false,221,A,0,0,,0,
221,150,998,CC,false,221,A,0,0,,0,
223,60,998,CC,false,224,A,0,0,,0,
224,60,998,CC,false,224,A,0,0,,0,
226,60,998,CC,false,227,A,0,0,,0,
227,60,998,CC,false,227,A,0,0,,0,
229,150,998,CC,false,230,A,0,0,,0,
230,150,998,CC,false,230,A,0,0,,0,
233,60,998,CC,false,234,A,0,0,,0,
234,60,998,CC,false,234,A,0,0,,0,
236,150,998,CC,false,237,A,0,0,,0,
237,150,998,CC,false,237,A,0,0,,0,
239,60,998,CC,false,240,A,0,0,,0,
240,60,998,CC,false,240,A,0,0,,0,
242,60,998,CC,false,243,A,0,0,,0,
243,60,998,CC,false,243,A,0,0,,0,
246,60,998,CC,false,247,A,0,0,,0,
247,60,998,CC,false,247,A,0,0,,0,
249,150,998,CC,false,250,A,0,0,,0,
250,150,998,CC,false,250,A,0,0,,0,
252,150,998,CC,false,253,A,0,0,,0,
253,150,998,CC,false,253,A,0,0,,0,
255,150,998,CC,false,256,A,0,0,,0,
256,150,998,CC,false,256,A,0,0,,0,
259,60,998,CC,false,260,A,0,0,,0,
260,60,998,CC,false,260,A,0,0,,0,
264,150,998,CC,false,265,A,0,0,,0,
265,150,998,CC,false,265,A,0,0,,0,
268,150,998,CC,false,269,A,0,0,,0,
269,150,998,CC,false,269,A,0,0,,0,
271,60,998,CC,false,272,A,0,0,,0,
272,60,998,CC,false,272,A,0,0,,0,
274,60,998,CC,false,275,A,0,0,,0,
275,60,998,CC,false,275,A,0,0,,0,
277,60,998,CC,false,278,A,0,0,,0,
278,60,998,CC,false,278,A,0,0,,0,
281,60,998,CC,false,282,A,0,0,,0,
282,60,998,CC,false,282,A,0,0,,0,
285,60,998,CC,false,286,A,0,0,,0,
286,60,998,CC,false,286,A,0,0,,0,
288,60,998,CC,false,289,A,0,0,,0,
289,60,998,CC,false,289,A,0,0,,0,
291,150,998,CC,false,292,A,0,0,,0,
292,150,998,CC,false,292,A,0,0,,0,
294,60,998,CC,false,295,A,0,0,,0,
295,60,998,CC,false,295,A,0,0,,0,
297,60,998,CC,false,298,A,0,0,,0,
298,60,998,CC,false,298,A,0,0,,0,
300,60,998,CC,false,301,A,0,0,,0,
301,60,998,CC,false,301,A,0,0,,0,
303,60,998,CC,false,304,A,0,0,,0,
304,60,998,CC,false,304,A,0,0,,0,
306,60,998,CC,false,307,A,0,0,,0,
307,60,998,CC,false,307,A,0,0,,0,
310,60,998,CC,false,311,A,0,0,,0,
311,60,998,CC,false,311,A,0,0,,0,
316,60,998,CC,false,317,A,0,0,,0,
317,60,998,CC,false,317,A,0,0,,0,
319,60,998,CC,false,320,A,0,0,,0,
320,60,998,CC,false,320,A,0,0,,0,
322,150,998,CC,false,323,A,0,0,,0,
323,150,998,CC,false,323,A,0,0,,0,
325,60,998,CC,false,326,A,0,0,,0,
326,60,998,CC,false,326,A,0,0,,0,
328,150,998,CC,false,329,A,0,0,,0,
329,150,998,CC,false,329,A,0,0,,0,
331,60,998,CC,false,332,A,0,0,,0,
331,40,150,CT,false,333,A,0,20,,0,
332,60,998,CC,false,332,A,0,0,,0,
332,40,150,CT,false,334,A,0,20,,0,
334,60,998,CC,false,332,A,0,0,,0,
333,60,998,CC,false,332,A,0,0,,0,
339,60,998,CC,false,340,A,0,0,,0,
339,40,150,CT,false,341,A,0,20,,0,
340,60,998,CC,false,340,A,0,0,,0,
340,40,150,CT,false,342,A,0,20,,0,
342,60,998,CC,false,340,A,0,0,,0,
341,60,998,CC,false,340,A,0,0,,0,
344,60,998,CC,false,345,A,0,0,,0,
344,40,150,CT,false,346,A,0,20,,0,
345,60,998,CC,false,345,A,0,0,,0,
345,40,150,CT,false,347,A,0,20,,0,
347,60,998,CC,false,345,A,0,0,,0,
346,60,998,CC,false,345,A,0,0,,0,
349,60,998,CC,false,350,A,0,0,,0,
349,40,150,CT,false,351,A,0,20,,0,
350,60,998,CC,false,350,A,0,0,,0,
350,40,150,CT,false,352,A,0,20,,0,
352,60,998,CC,false,350,A,0,0,,0,
351,60,998,CC,false,350,A,0,0,,0,
355,60,998,CC,false,356,A,0,0,,0,
355,40,150,CT,false,357,A,0,20,,0,
356,60,998,CC,false,356,A,0,0,,0,
356,40,150,CT,false,358,A,0,20,,0,
358,60,998,CC,false,356,A,0,0,,0,
357,60,998,CC,false,356,A,0,0,,0,
360,150,998,CC,false,361,A,0,0,,0,
361,150,998,CC,false,361,A,0,0,,0,
363,60,998,CC,false,364,A,0,0,,0,
363,40,150,CT,false,365,A,0,20,,0,
364,60,998,CC,false,364,A,0,0,,0,
364,40,150,CT,false,366,A,0,20,,0,
366,60,998,CC,false,364,A,0,0,,0,
365,60,998,CC,false,364,A,0,0,,0,
368,60,998,CC,false,369,A,0,0,,0,
368,40,150,CT,false,370,A,0,20,,0,
369,60,998,CC,false,369,A,0,0,,0,
369,40,150,CT,false,371,A,0,20,,0,
371,60,998,CC,false,369,A,0,0,,0,
370,60,998,CC,false,369,A,0,0,,0,
373,150,998,CC,false,374,A,0,0,,0,
374,150,998,CC,false,374,A,0,0,,0,
376,60,998,CC,false,377,A,0,0,,0,
376,40,150,CT,false,378,A,0,20,,0,
377,60,998,CC,false,377,A,0,0,,0,
377,40,150,CT,false,379,A,0,20,,0,
379,60,998,CC,false,377,A,0,0,,0,
378,60,998,CC,false,377,A,0,0,,0,
381,150,998,CC,false,382,A,0,0,,0,
382,150,998,CC,false,382,A,0,0,,0,
384,60,998,CC,false,385,A,0,0,,0,
384,40,150,CT,false,386,A,0,20,,0,
385,60,998,CC,false,385,A,0,0,,0,
385,40,150,CT,false,387,A,0,20,,0,
387,60,998,CC,false,385,A,0,0,,0,
386,60,998,CC,false,385,A,0,0,,0,
389,60,998,CC,false,390,A,0,0,,0,
389,40,150,CT,false,391,A,0,20,,0,
390,60,998,CC,false,390,A,0,0,,0,
390,40,150,CT,false,392,A,0,20,,0,
392,60,998,CC,false,390,A,0,0,,0,
391,60,998,CC,false,390,A,0,0,,0,
394,60,998,CC,false,395,A,0,0,,0,
394,40,150,CT,false,396,A,0,20,,0,
395,60,998,CC,false,395,A,0,0,,0,
395,40,150,CT,false,397,A,0,20,,0,
397,60,998,CC,false,395,A,0,0,,0,
396,60,998,CC,false,395,A,0,0,,0,
401,150,998,CC,false,402,A,0,0,,0,
402,150,998,CC,false,402,A,0,0,,0,
404,60,998,CC,false,405,A,0,0,,0,
404,40,150,CT,false,406,A,0,20,,0,
405,60,998,CC,false,405,A,0,0,,0,
405,40,150,CT,false,407,A,0,20,,0,
407,60,998,CC,false,405,A,0,0,,0,
406,60,998,CC,false,405,A,0,0,,0,
409,60,998,CC,false,410,A,0,0,,0,
409,40,150,CT,false,411,A,0,20,,0,
410,60,998,CC,false,410,A,0,0,,0,
410,40,150,CT,false,412,A,0,20,,0,
412,60,998,CC,false,410,A,0,0,,0,
411,60,998,CC,false,410,A,0,0,,0,
414,60,998,CC,false,415,A,0,0,,0,
414,40,150,CT,false,416,A,0,20,,0,
415,60,998,CC,false,415,A,0,0,,0,
415,40,150,CT,false,417,A,0,20,,0,
417,60,998,CC,false,415,A,0,0,,0,
416,60,998,CC,false,415,A,0,0,,0,
420,60,998,CC,false,421,A,0,0,,0,
420,40,150,CT,false,422,A,0,20,,0,
421,60,998,CC,false,421,A,0,0,,0,
421,40,150,CT,false,423,A,0,20,,0,
423,60,998,CC,false,421,A,0,0,,0,
422,60,998,CC,false,421,A,0,0,,0,
425,60,998,CC,false,426,A,0,0,,0,
425,40,150,CT,false,427,A,0,20,,0,
426,60,998,CC,false,426,A,0,0,,0,
426,40,150,CT,false,428,A,0,20,,0,
428,60,998,CC,false,426,A,0,0,,0,
427,60,998,CC,false,426,A,0,0,,0,
430,60,998,CC,false,431,A,0,0,,0,
430,40,150,CT,false,432,A,0,20,,0,
431,60,998,CC,false,431,A,0,0,,0,
431,40,150,CT,false,433,A,0,20,,0,
433,60,998,CC,false,431,A,0,0,,0,
432,60,998,CC,false,431,A,0,0,,0,
437,60,998,CC,false,438,A,0,0,,0,
437,40,150,CT,false,439,A,0,20,,0,
438,60,998,CC,false,438,A,0,0,,0,
438,40,150,CT,false,440,A,0,20,,0,
440,60,998,CC,false,438,A,0,0,,0,
439,60,998,CC,false,438,A,0,0,,0,
442,60,998,CC,false,443,A,0,0,,0,
442,40,150,CT,false,444,A,0,20,,0,
443,60,998,CC,false,443,A,0,0,,0,
443,40,150,CT,false,445,A,0,20,,0,
445,60,998,CC,false,443,A,0,0,,0,
444,60,998,CC,false,443,A,0,0,,0,
447,60,998,CC,false,448,A,0,0,,0,
447,40,150,CT,false,449,A,0,20,,0,
448,60,998,CC,false,448,A,0,0,,0,
448,40,150,CT,false,450,A,0,20,,0,
450,60,998,CC,false,448,A,0,0,,0,
449,60,998,CC,false,448,A,0,0,,0,
452,60,998,CC,false,453,A,0,0,,0,
452,40,150,CT,false,454,A,0,20,,0,
453,60,998,CC,false,453,A,0,0,,0,
453,40,150,CT,false,455,A,0,20,,0,
455,60,998,CC,false,453,A,0,0,,0,
454,60,998,CC,false,453,A,0,0,,0,
457,150,998,CC,false,458,A,0,0,,0,
458,150,998,CC,false,458,A,0,0,,0,
460,150,998,CC,false,461,A,0,0,,0,
461,150,998,CC,false,461,A,0,0,,0,
463,60,998,CC,false,464,A,0,0,,0,
463,40,150,CT,false,465,A,0,20,,0,
464,60,998,CC,false,464,A,0,0,,0,
464,40,150,CT,false,466,A,0,20,,0,
466,60,998,CC,false,464,A,0,0,,0,
465,60,998,CC,false,464,A,0,0,,0,
468,60,998,CC,false,469,A,0,0,,0,
468,40,150,CT,false,470,A,0,20,,0,
469,60,998,CC,false,469,A,0,0,,0,
469,40,150,CT,false,471,A,0,20,,0,
471,60,998,CC,false,469,A,0,0,,0,
470,60,998,CC,false,469,A,0,0,,0,
473,60,998,CC,false,474,A,0,0,,0,
473,40,150,CT,false,475,A,0,20,,0,
474,60,998,CC,false,474,A,0,0,,0,
474,40,150,CT,false,476,A,0,20,,0,
476,60,998,CC,false,474,A,0,0,,0,
475,60,998,CC,false,474,A,0,0,,0,
478,60,998,CC,false,479,A,0,0,,0,
478,40,150,CT,false,480,A,0,20,,0,
479,60,998,CC,false,479,A,0,0,,0,
479,40,150,CT,false,481,A,0,20,,0,
481,60,998,CC,false,479,A,0,0,,0,
480,60,998,CC,false,479,A,0,0,,0,
483,60,998,CC,false,484,A,0,0,,0,
483,40,150,CT,false,485,A,0,20,,0,
484,60,998,CC,false,484,A,0,0,,0,
484,40,150,CT,false,486,A,0,20,,0,
486,60,998,CC,false,484,A,0,0,,0,
485,60,998,CC,false,484,A,0,0,,0,
488,60,998,CC,false,489,A,0,0,,0,
488,40,150,CT,false,490,A,0,20,,0,
489,60,998,CC,false,489,A,0,0,,0,
489,40,150,CT,false,491,A,0,20,,0,
491,60,998,CC,false,489,A,0,0,,0,
490,60,998,CC,false,489,A,0,0,,0,
494,150,998,CC,false,495,A,0,0,,0,
495,150,998,CC,false,495,A,0,0,,0,
497,60,998,CC,false,498,A,0,0,,0,
497,40,150,CT,false,499,A,0,20,,0,
498,60,998,CC,false,498,A,0,0,,0,
498,40,150,CT,false,500,A,0,20,,0,
500,60,998,CC,false,498,A,0,0,,0,
499,60,998,CC,false,498,A,0,0,,0,
504,60,998,CC,false,505,A,0,0,,0,
504,40,150,CT,false,506,A,0,20,,0,
505,60,998,CC,false,505,A,0,0,,0,
505,40,150,CT,false,507,A,0,20,,0,
507,60,998,CC,false,505,A,0,0,,0,
506,60,998,CC,false,505,A,0,0,,0,
509,60,998,CC,false,510,A,0,0,,0,
509,40,150,CT,false,511,A,0,20,,0,
510,60,998,CC,false,510,A,0,0,,0,
510,40,150,CT,false,512,A,0,20,,0,
512,60,998,CC,false,510,A,0,0,,0,
511,60,998,CC,false,510,A,0,0,,0,
514,60,998,CC,false,515,A,0,0,,0,
514,40,150,CT,false,516,A,0,20,,0,
515,60,998,CC,false,515,A,0,0,,0,
515,40,150,CT,false,517,A,0,20,,0,
517,60,998,CC,false,515,A,0,0,,0,
516,60,998,CC,false,515,A,0,0,,0,
520,60,998,CC,false,521,A,0,0,,0,
520,40,150,CT,false,522,A,0,20,,0,
521,60,998,CC,false,521,A,0,0,,0,
521,40,150,CT,false,523,A,0,20,,0,
523,60,998,CC,false,521,A,0,0,,0,
522,60,998,CC,false,521,A,0,0,,0,
526,60,998,CC,false,527,A,0,0,,0,
526,40,150,CT,false,528,A,0,20,,0,
527,60,998,CC,false,527,A,0,0,,0,
527,40,150,CT,false,529,A,0,20,,0,
529,60,998,CC,false,527,A,0,0,,0,
528,60,998,CC,false,527,A,0,0,,0,
531,60,998,CC,false,532,A,0,0,,0,
531,40,150,CT,false,533,A,0,20,,0,
532,60,998,CC,false,532,A,0,0,,0,
532,40,150,CT,false,534,A,0,20,,0,
534,60,998,CC,false,532,A,0,0,,0,
533,60,998,CC,false,532,A,0,0,,0,
537,60,998,CC,false,538,A,0,0,,0,
537,40,150,CT,false,539,A,0,20,,0,
538,60,998,CC,false,538,A,0,0,,0,
538,40,150,CT,false,540,A,0,20,,0,
540,60,998,CC,false,538,A,0,0,,0,
539,60,998,CC,false,538,A,0,0,,0,
542,60,998,CC,false,543,A,0,0,,0,
542,40,150,CT,false,544,A,0,20,,0,
543,60,998,CC,false,543,A,0,0,,0,
543,40,150,CT,false,545,A,0,20,,0,
545,60,998,CC,false,543,A,0,0,,0,
544,60,998,CC,false,543,A,0,0,,0,
547,60,998,CC,false,548,A,0,0,,0,
547,40,150,CT,false,549,A,0,20,,0,
548,60,998,CC,false,548,A,0,0,,0,
548,40,150,CT,false,550,A,0,20,,0,
550,60,998,CC,false,548,A,0,0,,0,
549,60,998,CC,false,548,A,0,0,,0,
552,60,998,CC,false,553,A,0,0,,0,
552,40,150,CT,false,554,A,0,20,,0,
553,60,998,CC,false,553,A,0,0,,0,
553,40,150,CT,false,555,A,0,20,,0,
555,60,998,CC,false,553,A,0,0,,0,
554,60,998,CC,false,553,A,0,0,,0,
557,60,998,CC,false,558,A,0,0,,0,
557,40,150,CT,false,559,A,0,20,,0,
558,60,998,CC,false,558,A,0,0,,0,
558,40,150,CT,false,560,A,0,20,,0,
560,60,998,CC,false,558,A,0,0,,0,
559,60,998,CC,false,558,A,0,0,,0,
564,60,998,CC,false,565,A,0,0,,0,
564,40,150,CT,false,566,A,0,20,,0,
565,60,998,CC,false,565,A,0,0,,0,
565,40,150,CT,false,567,A,0,20,,0,
567,60,998,CC,false,565,A,0,0,,0,
566,60,998,CC,false,565,A,0,0,,0,
569,60,998,CC,false,570,A,0,0,,0,
569,40,150,CT,false,571,A,0,20,,0,
570,60,998,CC,false,570,A,0,0,,0,
570,40,150,CT,false,572,A,0,20,,0,
572,60,998,CC,false,570,A,0,0,,0,
571,60,998,CC,false,570,A,0,0,,0,
574,60,998,CC,false,575,A,0,0,,0,
574,40,150,CT,false,576,A,0,20,,0,
575,60,998,CC,false,575,A,0,0,,0,
575,40,150,CT,false,577,A,0,20,,0,
577,60,998,CC,false,575,A,0,0,,0,
576,60,998,CC,false,575,A,0,0,,0,
579,60,998,CC,false,580,A,0,0,,0,
579,40,150,CT,false,581,A,0,20,,0,
580,60,998,CC,false,580,A,0,0,,0,
580,40,150,CT,false,582,A,0,20,,0,
582,60,998,CC,false,580,A,0,0,,0,
581,60,998,CC,false,580,A,0,0,,0,
585,60,998,CC,false,586,A,0,0,,0,
585,40,150,CT,false,587,A,0,20,,0,
586,60,998,CC,false,586,A,0,0,,0,
586,40,150,CT,false,588,A,0,20,,0,
588,60,998,CC,false,586,A,0,0,,0,
587,60,998,CC,false,586,A,0,0,,0,
591,150,998,CC,false,592,A,0,0,,0,
592,150,998,CC,false,592,A,0,0,,0,
594,150,998,CC,false,595,A,0,0,,0,
595,150,998,CC,false,595,A,0,0,,0,
597,60,998,CC,false,598,A,0,0,,0,
597,40,150,CT,false,599,A,0,20,,0,
598,60,998,CC,false,598,A,0,0,,0,
598,40,150,CT,false,600,A,0,20,,0,
600,60,998,CC,false,598,A,0,0,,0,
599,60,998,CC,false,598,A,0,0,,0,
602,60,998,CC,false,603,A,0,0,,0,
602,40,150,CT,false,604,A,0,20,,0,
603,60,998,CC,false,603,A,0,0,,0,
603,40,150,CT,false,605,A,0,20,,0,
605,60,998,CC,false,603,A,0,0,,0,
604,60,998,CC,false,603,A,0,0,,0,
609,150,998,CC,false,610,A,0,0,,0,
610,150,998,CC,false,610,A,0,0,,0,
612,60,998,CC,false,613,A,0,0,,0,
612,40,150,CT,false,614,A,0,20,,0,
613,60,998,CC,false,613,A,0,0,,0,
613,40,150,CT,false,615,A,0,20,,0,
615,60,998,CC,false,613,A,0,0,,0,
614,60,998,CC,false,613,A,0,0,,0,
617,60,998,CC,false,618,A,0,0,,0,
617,40,150,CT,false,619,A,0,20,,0,
618,60,998,CC,false,618,A,0,0,,0,
618,40,150,CT,false,620,A,0,20,,0,
620,60,998,CC,false,618,A,0,0,,0,
619,60,998,CC,false,618,A,0,0,,0,
622,60,998,CC,false,623,A,0,0,,0,
622,40,150,CT,false,624,A,0,20,,0,
623,60,998,CC,false,623,A,0,0,,0,
623,40,150,CT,false,625,A,0,20,,0,
625,60,998,CC,false,623,A,0,0,,0,
624,60,998,CC,false,623,A,0,0,,0,
627,60,998,CC,false,628,A,0,0,,0,
627,40,150,CT,false,629,A,0,20,,0,
628,60,998,CC,false,628,A,0,0,,0,
628,40,150,CT,false,630,A,0,20,,0,
630,60,998,CC,false,628,A,0,0,,0,
629,60,998,CC,false,628,A,0,0,,0,
632,60,998,CC,false,633,A,0,0,,0,
632,40,150,CT,false,634,A,0,20,,0,
633,60,998,CC,false,633,A,0,0,,0,
633,40,150,CT,false,635,A,0,20,,0,
635,60,998,CC,false,633,A,0,0,,0,
634,60,998,CC,false,633,A,0,0,,0,
637,150,998,CC,false,638,A,0,0,,0,
638,150,998,CC,false,638,A,0,0,,0,
640,150,998,CC,false,641,A,0,0,,0,
641,150,998,CC,false,641,A,0,0,,0,
643,60,998,CC,false,644,A,0,0,,0,
643,40,150,CT,false,645,A,0,20,,0,
644,60,998,CC,false,644,A,0,0,,0,
644,40,150,CT,false,646,A,0,20,,0,
646,60,998,CC,false,644,A,0,0,,0,
645,60,998,CC,false,644,A,0,0,,0,
648,60,998,CC,false,649,A,0,0,,0,
648,40,150,CT,false,650,A,0,20,,0,
649,60,998,CC,false,649,A,0,0,,0,
649,40,150,CT,false,651,A,0,20,,0,
651,60,998,CC,false,649,A,0,0,,0,
650,60,998,CC,false,649,A,0,0,,0,
653,60,998,CC,false,654,A,0,0,,0,
653,40,150,CT,false,655,A,0,20,,0,
654,60,998,CC,false,654,A,0,0,,0,
654,40,150,CT,false,656,A,0,20,,0,
656,60,998,CC,false,654,A,0,0,,0,
655,60,998,CC,false,654,A,0,0,,0,
658,150,998,CC,false,659,A,0,0,,0,
659,150,998,CC,false,659,A,0,0,,0,
661,150,998,CC,false,662,A,0,0,,0,
662,150,998,CC,false,662,A,0,0,,0,
664,60,998,CC,false,665,A,0,0,,0,
664,40,150,CT,false,666,A,0,20,,0,
665,60,998,CC,false,665,A,0,0,,0,
665,40,150,CT,false,667,A,0,20,,0,
667,60,998,CC,false,665,A,0,0,,0,
666,60,998,CC,false,665,A,0,0,,0,
669,60,998,CC,false,670,A,0,0,,0,
669,40,150,CT,false,671,A,0,20,,0,
670,60,998,CC,false,670,A,0,0,,0,
670,40,150,CT,false,672,A,0,20,,0,
672,60,998,CC,false,670,A,0,0,,0,
671,60,998,CC,false,670,A,0,0,,0,
674,150,998,CC,false,675,A,0,0,,0,
675,150,998,CC,false,675,A,0,0,,0,
677,60,998,CC,false,678,A,0,0,,0,
677,40,150,CT,false,679,A,0,20,,0,
678,60,998,CC,false,678,A,0,0,,0,
678,40,150,CT,false,680,A,0,20,,0,
680,60,998,CC,false,678,A,0,0,,0,
679,60,998,CC,false,678,A,0,0,,0,
682,60,998,CC,false,683,A,0,0,,0,
682,40,150,CT,false,684,A,0,20,,0,
683,60,998,CC,false,683,A,0,0,,0,
683,40,150,CT,false,685,A,0,20,,0,
685,60,998,CC,false,683,A,0,0,,0,
684,60,998,CC,false,683,A,0,0,,0,
687,60,998,CC,false,688,A,0,0,,0,
687,40,150,CT,false,689,A,0,20,,0,
688,60,998,CC,false,688,A,0,0,,0,
688,40,150,CT,false,690,A,0,20,,0,
690,60,998,CC,false,688,A,0,0,,0,
689,60,998,CC,false,688,A,0,0,,0,
692,60,998,CC,false,693,A,0,0,,0,
692,40,150,CT,false,694,A,0,20,,0,
693,60,998,CC,false,693,A,0,0,,0,
693,40,150,CT,false,695,A,0,20,,0,
695,60,998,CC,false,693,A,0,0,,0,
694,60,998,CC,false,693,A,0,0,,0,
697,150,998,CC,false,698,A,0,0,,0,
698,150,998,CC,false,698,A,0,0,,0,
700,60,998,CC,false,701,A,0,0,,0,
700,40,150,CT,false,702,A,0,20,,0,
701,60,998,CC,false,701,A,0,0,,0,
701,40,150,CT,false,703,A,0,20,,0,
703,60,998,CC,false,701,A,0,0,,0,
702,60,998,CC,false,701,A,0,0,,0,
705,60,998,CC,false,706,A,0,0,,0,
705,40,150,CT,false,707,A,0,20,,0,
706,60,998,CC,false,706,A,0,0,,0,
706,40,150,CT,false,708,A,0,20,,0,
708,60,998,CC,false,706,A,0,0,,0,
707,60,998,CC,false,706,A,0,0,,0,
710,60,998,CC,false,711,A,0,0,,0,
710,40,150,CT,false,712,A,0,20,,0,
711,60,998,CC,false,711,A,0,0,,0,
711,40,150,CT,false,713,A,0,20,,0,
713,60,998,CC,false,711,A,0,0,,0,
712,60,998,CC,false,711,A,0,0,,0,
715,60,998,CC,false,716,A,0,0,,0,
715,40,150,CT,false,717,A,0,20,,0,
716,60,998,CC,false,716,A,0,0,,0,
716,40,150,CT,false,718,A,0,20,,0,
718,60,998,CC,false,716,A,0,0,,0,
717,60,998,CC,false,716,A,0,0,,0,
720,60,998,CC,false,721,A,0,0,,0,
720,40,150,CT,false,722,A,0,20,,0,
721,60,998,CC,false,721,A,0,0,,0,
721,40,150,CT,false,723,A,0,20,,0,
723,60,998,CC,false,721,A,0,0,,0,
722,60,998,CC,false,721,A,0,0,,0,
725,60,998,CC,false,726,A,0,0,,0,
725,40,150,CT,false,727,A,0,20,,0,
726,60,998,CC,false,726,A,0,0,,0,
726,40,150,CT,false,728,A,0,20,,0,
728,60,998,CC,false,726,A,0,0,,0,
727,60,998,CC,false,726,A,0,0,,0,
730,60,998,CC,false,731,A,0,0,,0,
730,40,150,CT,false,732,A,0,20,,0,
731,60,998,CC,false,731,A,0,0,,0,
731,40,150,CT,false,733,A,0,20,,0,
733,60,998,CC,false,731,A,0,0,,0,
732,60,998,CC,false,731,A,0,0,,0,
735,60,998,CC,false,736,A,0,0,,0,
735,40,150,CT,false,737,A,0,20,,0,
736,60,998,CC,false,736,A,0,0,,0,
736,40,150,CT,false,738,A,0,20,,0,
738,60,998,CC,false,736,A,0,0,,0,
737,60,998,CC,false,736,A,0,0,,0,
740,60,998,CC,false,741,A,0,0,,0,
740,40,150,CT,false,742,A,0,20,,0,
741,60,998,CC,false,741,A,0,0,,0,
741,40,150,CT,false,743,A,0,20,,0,
743,60,998,CC,false,741,A,0,0,,0,
742,60,998,CC,false,741,A,0,0,,0,
746,60,998,CC,false,747,A,0,0,,0,
746,40,150,CT,false,748,A,0,20,,0,
747,60,998,CC,false,747,A,0,0,,0,
747,40,150,CT,false,749,A,0,20,,0,
749,60,998,CC,false,747,A,0,0,,0,
748,60,998,CC,false,747,A,0,0,,0,
753,60,998,CC,false,754,A,0,0,,0,
753,40,150,CT,false,755,A,0,20,,0,
754,60,998,CC,false,754,A,0,0,,0,
754,40,150,CT,false,756,A,0,20,,0,
756,60,998,CC,false,754,A,0,0,,0,
755,60,998,CC,false,754,A,0,0,,0,
758,60,998,CC,false,759,A,0,0,,0,
758,40,150,CT,false,760,A,0,20,,0,
759,60,998,CC,false,759,A,0,0,,0,
759,40,150,CT,false,761,A,0,20,,0,
761,60,998,CC,false,759,A,0,0,,0,
760,60,998,CC,false,759,A,0,0,,0,
763,60,998,CC,false,764,A,0,0,,0,
763,40,150,CT,false,765,A,0,20,,0,
764,60,998,CC,false,764,A,0,0,,0,
764,40,150,CT,false,766,A,0,20,,0,
766,60,998,CC,false,764,A,0,0,,0,
765,60,998,CC,false,764,A,0,0,,0,
768,60,998,CC,false,769,A,0,0,,0,
768,40,150,CT,false,770,A,0,20,,0,
769,60,998,CC,false,769,A,0,0,,0,
769,40,150,CT,false,771,A,0,20,,0,
771,60,998,CC,false,769,A,0,0,,0,
770,60,998,CC,false,769,A,0,0,,0,
773,60,998,CC,false,774,A,0,0,,0,
773,40,150,CT,false,775,A,0,20,,0,
774,60,998,CC,false,774,A,0,0,,0,
774,40,150,CT,false,776,A,0,20,,0,
776,60,998,CC,false,774,A,0,0,,0,
775,60,998,CC,false,774,A,0,0,,0,
778,60,998,CC,false,779,A,0,0,,0,
778,40,150,CT,false,780,A,0,20,,0,
779,60,998,CC,false,779,A,0,0,,0,
779,40,150,CT,false,781,A,0,20,,0,
781,60,998,CC,false,779,A,0,0,,0,
780,60,998,CC,false,779,A,0,0,,0,
783,60,998,CC,false,784,A,0,0,,0,
783,40,150,CT,false,785,A,0,20,,0,
784,60,998,CC,false,784,A,0,0,,0,
784,40,150,CT,false,786,A,0,20,,0,
786,60,998,CC,false,784,A,0,0,,0,
785,60,998,CC,false,784,A,0,0,,0,
788,60,998,CC,false,789,A,0,0,,0,
788,40,150,CT,false,790,A,0,20,,0,
789,60,998,CC,false,789,A,0,0,,0,
789,40,150,CT,false,791,A,0,20,,0,
791,60,998,CC,false,789,A,0,0,,0,
790,60,998,CC,false,789,A,0,0,,0,
793,60,998,CC,false,794,A,0,0,,0,
793,40,150,CT,false,795,A,0,20,,0,
794,60,998,CC,false,794,A,0,0,,0,
794,40,150,CT,false,796,A,0,20,,0,
796,60,998,CC,false,794,A,0,0,,0,
795,60,998,CC,false,794,A,0,0,,0,
798,60,998,CC,false,799,A,0,0,,0,
798,40,150,CT,false,800,A,0,20,,0,
799,60,998,CC,false,799,A,0,0,,0,
799,40,150,CT,false,801,A,0,20,,0,
801,60,998,CC,false,799,A,0,0,,0,
800,60,998,CC,false,799,A,0,0,,0,
803,60,998,CC,false,804,A,0,0,,0,
803,40,150,CT,false,805,A,0,20,,0,
804,60,998,CC,false,804,A,0,0,,0,
804,40,150,CT,false,806,A,0,20,,0,
806,60,998,CC,false,804,A,0,0,,0,
805,60,998,CC,false,804,A,0,0,,0,
808,60,998,CC,false,809,A,0,0,,0,
808,40,150,CT,false,810,A,0,20,,0,
809,60,998,CC,false,809,A,0,0,,0,
809,40,150,CT,false,811,A,0,20,,0,
811,60,998,CC,false,809,A,0,0,,0,
810,60,998,CC,false,809,A,0,0,,0,
813,150,998,CC,false,814,A,0,0,,0,
814,150,998,CC,false,814,A,0,0,,0,
817,60,998,CC,false,818,A,0,0,,0,
817,40,150,CT,false,819,A,0,20,,0,
818,60,998,CC,false,818,A,0,0,,0,
818,40,150,CT,false,820,A,0,20,,0,
820,60,998,CC,false,818,A,0,0,,0,
819,60,998,CC,false,818,A,0,0,,0,
822,60,998,CC,false,823,A,0,0,,0,
822,40,150,CT,false,824,A,0,20,,0,
823,60,998,CC,false,823,A,0,0,,0,
823,40,150,CT,false,825,A,0,20,,0,
825,60,998,CC,false,823,A,0,0,,0,
824,60,998,CC,false,823,A,0,0,,0,
827,60,998,CC,false,828,A,0,0,,0,
827,40,150,CT,false,829,A,0,20,,0,
828,60,998,CC,false,828,A,0,0,,0,
828,40,150,CT,false,830,A,0,20,,0,
830,60,998,CC,false,828,A,0,0,,0,
829,60,998,CC,false,828,A,0,0,,0,
832,60,998,CC,false,833,A,0,0,,0,
832,40,150,CT,false,834,A,0,20,,0,
833,60,998,CC,false,833,A,0,0,,0,
833,40,150,CT,false,835,A,0,20,,0,
835,60,998,CC,false,833,A,0,0,,0,
834,60,998,CC,false,833,A,0,0,,0,
837,60,998,CC,false,838,A,0,0,,0,
837,40,150,CT,false,839,A,0,20,,0,
838,60,998,CC,false,838,A,0,0,,0,
838,40,150,CT,false,840,A,0,20,,0,
840,60,998,CC,false,838,A,0,0,,0,
839,60,998,CC,false,838,A,0,0,,0,
842,60,998,CC,false,843,A,0,0,,0,
842,40,150,CT,false,844,A,0,20,,0,
843,60,998,CC,false,843,A,0,0,,0,
843,40,150,CT,false,845,A,0,20,,0,
845,60,998,CC,false,843,A,0,0,,0,
844,60,998,CC,false,843,A,0,0,,0,
847,150,998,CC,false,848,A,0,0,,0,
848,150,998,CC,false,848,A,0,0,,0,
850,60,998,CC,false,851,A,0,0,,0,
850,40,150,CT,false,852,A,0,20,,0,
851,60,998,CC,false,851,A,0,0,,0,
851,40,150,CT,false,853,A,0,20,,0,
853,60,998,CC,false,851,A,0,0,,0,
852,60,998,CC,false,851,A,0,0,,0,
855,60,998,CC,false,856,A,0,0,,0,
855,40,150,CT,false,857,A,0,20,,0,
856,60,998,CC,false,856,A,0,0,,0,
856,40,150,CT,false,858,A,0,20,,0,
858,60,998,CC,false,856,A,0,0,,0,
857,60,998,CC,false,856,A,0,0,,0,
862,60,998,CC,false,863,A,0,0,,0,
862,40,150,CT,false,864,A,0,20,,0,
863,60,998,CC,false,863,A,0,0,,0,
863,40,150,CT,false,865,A,0,20,,0,
865,60,998,CC,false,863,A,0,0,,0,
864,60,998,CC,false,863,A,0,0,,0,
867,60,998,CC,false,868,A,0,0,,0,
867,40,150,CT,false,869,A,0,20,,0,
868,60,998,CC,false,868,A,0,0,,0,
868,40,150,CT,false,870,A,0,20,,0,
870,60,998,CC,false,868,A,0,0,,0,
869,60,998,CC,false,868,A,0,0,,0,
872,60,998,CC,false,873,A,0,0,,0,
872,40,150,CT,false,874,A,0,20,,0,
873,60,998,CC,false,873,A,0,0,,0,
873,40,150,CT,false,875,A,0,20,,0,
875,60,998,CC,false,873,A,0,0,,0,
874,60,998,CC,false,873,A,0,0,,0,
882,60,998,CC,false,883,A,0,0,,0,
882,40,150,CT,false,884,A,0,20,,0,
883,60,998,CC,false,883,A,0,0,,0,
883,40,150,CT,false,885,A,0,20,,0,
885,60,998,CC,false,883,A,0,0,,0,
884,60,998,CC,false,883,A,0,0,,0,
887,150,998,CC,false,888,A,0,0,,0,
888,150,998,CC,false,888,A,0,0,,0,
890,60,998,CC,false,891,A,0,0,,0,
890,40,150,CT,false,892,A,0,20,,0,
891,60,998,CC,false,891,A,0,0,,0,
891,40,150,CT,false,893,A,0,20,,0,
893,60,998,CC,false,891,A,0,0,,0,
892,60,998,CC,false,891,A,0,0,,0,
895,60,998,CC,false,896,A,0,0,,0,
895,40,150,CT,false,897,A,0,20,,0,
896,60,998,CC,false,896,A,0,0,,0,
896,40,150,CT,false,898,A,0,20,,0,
898,60,998,CC,false,896,A,0,0,,0,
897,60,998,CC,false,896,A,0,0,,0,
900,60,998,CC,false,901,A,0,0,,0,
900,40,150,CT,false,902,A,0,20,,0,
901,60,998,CC,false,901,A,0,0,,0,
901,40,150,CT,false,903,A,0,20,,0,
903,60,998,CC,false,901,A,0,0,,0,
902,60,998,CC,false,901,A,0,0,,0,
905,60,998,CC,false,906,A,0,0,,0,
905,40,150,CT,false,907,A,0,20,,0,
906,60,998,CC,false,906,A,0,0,,0,
906,40,150,CT,false,908,A,0,20,,0,
908,60,998,CC,false,906,A,0,0,,0,
907,60,998,CC,false,906,A,0,0,,0,
912,60,998,CC,false,913,A,0,0,,0,
912,40,150,CT,false,914,A,0,20,,0,
913,60,998,CC,false,913,A,0,0,,0,
913,40,150,CT,false,915,A,0,20,,0,
915,60,998,CC,false,913,A,0,0,,0,
914,60,998,CC,false,913,A,0,0,,0,
917,60,998,CC,false,918,A,0,0,,0,
917,40,150,CT,false,919,A,0,20,,0,
918,60,998,CC,false,918,A,0,0,,0,
918,40,150,CT,false,920,A,0,20,,0,
920,60,998,CC,false,918,A,0,0,,0,
919,60,998,CC,false,918,A,0,0,,0,
922,60,998,CC,false,923,A,0,0,,0,
922,40,150,CT,false,924,A,0,20,,0,
923,60,998,CC,false,923,A,0,0,,0,
923,40,150,CT,false,925,A,0,20,,0,
925,60,998,CC,false,923,A,0,0,,0,
924,60,998,CC,false,923,A,0,0,,0,
927,60,998,CC,false,928,A,0,0,,0,
927,40,150,CT,false,929,A,0,20,,0,
928,60,998,CC,false,928,A,0,0,,0,
928,40,150,CT,false,930,A,0,20,,0,
930,60,998,CC,false,928,A,0,0,,0,
929,60,998,CC,false,928,A,0,0,,0,
932,60,998,CC,false,933,A,0,0,,0,
932,40,150,CT,false,934,A,0,20,,0,
933,60,998,CC,false,933,A,0,0,,0,
933,40,150,CT,false,935,A,0,20,,0,
935,60,998,CC,false,933,A,0,0,,0,
934,60,998,CC,false,933,A,0,0,,0,
937,60,998,CC,false,938,A,0,0,,0,
937,40,150,CT,false,939,A,0,20,,0,
938,60,998,CC,false,938,A,0,0,,0,
938,40,150,CT,false,940,A,0,20,,0,
940,60,998,CC,false,938,A,0,0,,0,
939,60,998,CC,false,938,A,0,0,,0,
942,60,998,CC,false,943,A,0,0,,0,
942,40,150,CT,false,944,A,0,20,,0,
943,60,998,CC,false,943,A,0,0,,0,
943,40,150,CT,false,945,A,0,20,,0,
945,60,998,CC,false,943,A,0,0,,0,
944,60,998,CC,false,943,A,0,0,,0,
947,60,998,CC,false,948,A,0,0,,0,
947,40,150,CT,false,949,A,0,20,,0,
948,60,998,CC,false,948,A,0,0,,0,
948,40,150,CT,false,950,A,0,20,,0,
950,60,998,CC,false,948,A,0,0,,0,
949,60,998,CC,false,948,A,0,0,,0,
952,60,998,CC,false,953,A,0,0,,0,
952,40,150,CT,false,954,A,0,20,,0,
953,60,998,CC,false,953,A,0,0,,0,
953,40,150,CT,false,955,A,0,20,,0,
955,60,998,CC,false,953,A,0,0,,0,
954,60,998,CC,false,953,A,0,0,,0,
957,60,998,CC,false,958,A,0,0,,0,
957,40,150,CT,false,959,A,0,20,,0,
958,60,998,CC,false,958,A,0,0,,0,
958,40,150,CT,false,960,A,0,20,,0,
960,60,998,CC,false,958,A,0,0,,0,
959,60,998,CC,false,958,A,0,0,,0,
962,60,998,CC,false,963,A,0,0,,0,
962,40,150,CT,false,964,A,0,20,,0,
963,60,998,CC,false,963,A,0,0,,0,
963,40,150,CT,false,965,A,0,20,,0,
965,60,998,CC,false,963,A,0,0,,0,
964,60,998,CC,false,963,A,0,0,,0,
968,60,998,CC,false,969,A,0,0,,0,
968,40,150,CT,false,970,A,0,20,,0,
969,60,998,CC,false,969,A,0,0,,0,
969,40,150,CT,false,971,A,0,20,,0,
971,60,998,CC,false,969,A,0,0,,0,
970,60,998,CC,false,969,A,0,0,,0,
973,150,998,CC,false,974,A,0,0,,0,
974,150,998,CC,false,974,A,0,0,,0,
976,150,998,CC,false,977,A,0,0,,0,
977,150,998,CC,false,977,A,0,0,,0,
979,150,998,CC,false,980,A,0,0,,0,
980,150,998,CC,false,980,A,0,0,,0,
982,60,998,CC,false,983,A,0,0,,0,
982,40,150,CT,false,984,A,0,20,,0,
983,60,998,CC,false,983,A,0,0,,0,
983,40,150,CT,false,985,A,0,20,,0,
985,60,998,CC,false,983,A,0,0,,0,
984,60,998,CC,false,983,A,0,0,,0,
987,150,998,CC,false,988,A,0,0,,0,
988,150,998,CC,false,988,A,0,0,,0,
990,60,998,CC,false,991,A,0,0,,0,
990,40,150,CT,false,992,A,0,20,,0,
991,60,998,CC,false,991,A,0,0,,0,
991,40,150,CT,false,993,A,0,20,,0,
993,60,998,CC,false,991,A,0,0,,0,
992,60,998,CC,false,991,A,0,0,,0,
996,150,998,CC,false,997,A,0,0,,0,
997,150,998,CC,false,997,A,0,0,,0,
999,60,998,CC,false,1000,A,0,0,,0,
999,40,150,CT,false,1001,A,0,20,,0,
1000,60,998,CC,false,1000,A,0,0,,0,
1000,40,150,CT,false,1002,A,0,20,,0,
1002,60,998,CC,false,1000,A,0,0,,0,
1001,60,998,CC,false,1000,A,0,0,,0,
1004,60,998,CC,false,1005,A,0,0,,0,
1004,40,150,CT,false,1006,A,0,20,,0,
1005,60,998,CC,false,1005,A,0,0,,0,
1005,40,150,CT,false,1007,A,0,20,,0,
1007,60,998,CC,false,1005,A,0,0,,0,
1006,60,998,CC,false,1005,A,0,0,,0,
1009,60,998,CC,false,1010,A,0,0,,0,
1009,40,150,CT,false,1011,A,0,20,,0,
1010,60,998,CC,false,1010,A,0,0,,0,
1010,40,150,CT,false,1012,A,0,20,,0,
1012,60,998,CC,false,1010,A,0,0,,0,
1011,60,998,CC,false,1010,A,0,0,,0,
1015,60,998,CC,false,1016,A,0,0,,0,
1015,40,150,CT,false,1017,A,0,20,,0,
1016,60,998,CC,false,1016,A,0,0,,0,
1016,40,150,CT,false,1018,A,0,20,,0,
1018,60,998,CC,false,1016,A,0,0,,0,
1017,60,998,CC,false,1016,A,0,0,,0,
1020,150,998,CC,false,1021,A,0,0,,0,
1021,150,998,CC,false,1021,A,0,0,,0,
1023,150,998,CC,false,1024,A,0,0,,0,
1024,150,998,CC,false,1024,A,0,0,,0,
1026,60,998,CC,false,1027,A,0,0,,0,
1026,40,150,CT,false,1028,A,0,20,,0,
1027,60,998,CC,false,1027,A,0,0,,0,
1027,40,150,CT,false,1029,A,0,20,,0,
1029,60,998,CC,false,1027,A,0,0,,0,
1028,60,998,CC,false,1027,A,0,0,,0,
1031,60,998,CC,false,1032,A,0,0,,0,
1031,40,150,CT,false,1033,A,0,20,,0,
1032,60,998,CC,false,1032,A,0,0,,0,
1032,40,150,CT,false,1034,A,0,20,,0,
1034,60,998,CC,false,1032,A,0,0,,0,
1033,60,998,CC,false,1032,A,0,0,,0,
1036,60,998,CC,false,1037,A,0,0,,0,
1036,40,150,CT,false,1038,A,0,20,,0,
1037,60,998,CC,false,1037,A,0,0,,0,
1037,40,150,CT,false,1039,A,0,20,,0,
1039,60,998,CC,false,1037,A,0,0,,0,
1038,60,998,CC,false,1037,A,0,0,,0,
1041,60,998,CC,false,1042,A,0,0,,0,
1041,40,150,CT,false,1043,A,0,20,,0,
1042,60,998,CC,false,1042,A,0,0,,0,
1042,40,150,CT,false,1044,A,0,20,,0,
1044,60,998,CC,false,1042,A,0,0,,0,
1043,60,998,CC,false,1042,A,0,0,,0,
1046,60,998,CC,false,1047,A,0,0,,0,
1046,40,150,CT,false,1048,A,0,20,,0,
1047,60,998,CC,false,1047,A,0,0,,0,
1047,40,150,CT,false,1049,A,0,20,,0,
1049,60,998,CC,false,1047,A,0,0,,0,
1048,60,998,CC,false,1047,A,0,0,,0,
1051,60,998,CC,false,1052,A,0,0,,0,
1051,40,150,CT,false,1053,A,0,20,,0,
1052,60,998,CC,false,1052,A,0,0,,0,
1052,40,150,CT,false,1054,A,0,20,,0,
1054,60,998,CC,false,1052,A,0,0,,0,
1053,60,998,CC,false,1052,A,0,0,,0,
1056,60,998,CC,false,1057,A,0,0,,0,
1056,40,150,CT,false,1058,A,0,20,,0,
1057,60,998,CC,false,1057,A,0,0,,0,
1057,40,150,CT,false,1059,A,0,20,,0,
1059,60,998,CC,false,1057,A,0,0,,0,
1058,60,998,CC,false,1057,A,0,0,,0,
1061,60,998,CC,false,1062,A,0,0,,0,
1061,40,150,CT,false,1063,A,0,20,,0,
1062,60,998,CC,false,1062,A,0,0,,0,
1062,40,150,CT,false,1064,A,0,20,,0,
1064,60,998,CC,false,1062,A,0,0,,0,
1063,60,998,CC,false,1062,A,0,0,,0,
1066,60,998,CC,false,1067,A,0,0,,0,
1066,40,150,CT,false,1068,A,0,20,,0,
1067,60,998,CC,false,1067,A,0,0,,0,
1067,40,150,CT,false,1069,A,0,20,,0,
1069,60,998,CC,false,1067,A,0,0,,0,
1068,60,998,CC,false,1067,A,0,0,,0,
1071,150,998,CC,false,1072,A,0,0,,0,
1072,150,998,CC,false,1072,A,0,0,,0,
1074,60,998,CC,false,1075,A,0,0,,0,
1074,40,150,CT,false,1076,A,0,20,,0,
1075,60,998,CC,false,1075,A,0,0,,0,
1075,40,150,CT,false,1077,A,0,20,,0,
1077,60,998,CC,false,1075,A,0,0,,0,
1076,60,998,CC,false,1075,A,0,0,,0,
1079,60,998,CC,false,1080,A,0,0,,0,
1079,40,150,CT,false,1081,A,0,20,,0,
1080,60,998,CC,false,1080,A,0,0,,0,
1080,40,150,CT,false,1082,A,0,20,,0,
1082,60,998,CC,false,1080,A,0,0,,0,
1081,60,998,CC,false,1080,A,0,0,,0,
1084,60,998,CC,false,1085,A,0,0,,0,
1084,40,150,CT,false,1086,A,0,20,,0,
1085,60,998,CC,false,1085,A,0,0,,0,
1085,40,150,CT,false,1087,A,0,20,,0,
1087,60,998,CC,false,1085,A,0,0,,0,
1086,60,998,CC,false,1085,A,0,0,,0,
1089,150,998,CC,false,1090,A,0,0,,0,
1090,150,998,CC,false,1090,A,0,0,,0,
1093,60,998,CC,false,1094,A,0,0,,0,
1093,40,150,CT,false,1095,A,0,20,,0,
1094,60,998,CC,false,1094,A,0,0,,0,
1094,40,150,CT,false,1096,A,0,20,,0,
1096,60,998,CC,false,1094,A,0,0,,0,
1095,60,998,CC,false,1094,A,0,0,,0,
1099,60,998,CC,false,1100,A,0,0,,0,
1099,40,150,CT,false,1101,A,0,20,,0,
1100,60,998,CC,false,1100,A,0,0,,0,
1100,40,150,CT,false,1102,A,0,20,,0,
1102,60,998,CC,false,1100,A,0,0,,0,
1101,60,998,CC,false,1100,A,0,0,,0,
1104,60,998,CC,false,1105,A,0,0,,0,
1104,40,150,CT,false,1106,A,0,20,,0,
1105,60,998,CC,false,1105,A,0,0,,0,
1105,40,150,CT,false,1107,A,0,20,,0,
1107,60,998,CC,false,1105,A,0,0,,0,
1106,60,998,CC,false,1105,A,0,0,,0,
1109,60,998,CC,false,1110,A,0,0,,0,
1109,40,150,CT,false,1111,A,0,20,,0,
1110,60,998,CC,false,1110,A,0,0,,0,
1110,40,150,CT,false,1112,A,0,20,,0,
1112,60,998,CC,false,1110,A,0,0,,0,
1111,60,998,CC,false,1110,A,0,0,,0,
1116,150,998,CC,false,1117,A,0,0,,0,
1117,150,998,CC,false,1117,A,0,0,,0,
1119,60,998,CC,false,1120,A,0,0,,0,
1119,40,150,CT,false,1121,A,0,20,,0,
1120,60,998,CC,false,1120,A,0,0,,0,
1120,40,150,CT,false,1122,A,0,20,,0,
1122,60,998,CC,false,1120,A,0,0,,0,
1121,60,998,CC,false,1120,A,0,0,,0,
1125,60,998,CC,false,1126,A,0,0,,0,
1125,40,150,CT,false,1127,A,0,20,,0,
1126,60,998,CC,false,1126,A,0,0,,0,
1126,40,150,CT,false,1128,A,0,20,,0,
1128,60,998,CC,false,1126,A,0,0,,0,
1127,60,998,CC,false,1126,A,0,0,,0,
1130,60,998,CC,false,1131,A,0,0,,0,
1130,40,150,CT,false,1132,A,0,20,,0,
1131,60,998,CC,false,1131,A,0,0,,0,
1131,40,150,CT,false,1133,A,0,20,,0,
1133,60,998,CC,false,1131,A,0,0,,0,
1132,60,998,CC,false,1131,A,0,0,,0,
1135,150,998,CC,false,1136,A,0,0,,0,
1136,150,998,CC,false,1136,A,0,0,,0,
1138,60,998,CC,false,1139,A,0,0,,0,
1138,40,150,CT,false,1140,A,0,20,,0,
1139,60,998,CC,false,1139,A,0,0,,0,
1139,40,150,CT,false,1141,A,0,20,,0,
1141,60,998,CC,false,1139,A,0,0,,0,
1140,60,998,CC,false,1139,A,0,0,,0,
1143,60,998,CC,false,1144,A,0,0,,0,
1143,40,150,CT,false,1145,A,0,20,,0,
1144,60,998,CC,false,1144,A,0,0,,0,
1144,40,150,CT,false,1146,A,0,20,,0,
1146,60,998,CC,false,1144,A,0,0,,0,
1145,60,998,CC,false,1144,A,0,0,,0,
1148,60,998,CC,false,1149,A,0,0,,0,
1148,40,150,CT,false,1150,A,0,20,,0,
1149,60,998,CC,false,1149,A,0,0,,0,
1149,40,150,CT,false,1151,A,0,20,,0,
1151,60,998,CC,false,1149,A,0,0,,0,
1150,60,998,CC,false,1149,A,0,0,,0,
1153,150,998,CC,false,1154,A,0,0,,0,
1154,150,998,CC,false,1154,A,0,0,,0,
1156,60,998,CC,false,1157,A,0,0,,0,
1156,40,150,CT,false,1158,A,0,20,,0,
1157,60,998,CC,false,1157,A,0,0,,0,
1157,40,150,CT,false,1159,A,0,20,,0,
1159,60,998,CC,false,1157,A,0,0,,0,
1158,60,998,CC,false,1157,A,0,0,,0,
1161,60,998,CC,false,1162,A,0,0,,0,
1161,40,150,CT,false,1163,A,0,20,,0,
1162,60,998,CC,false,1162,A,0,0,,0,
1162,40,150,CT,false,1164,A,0,20,,0,
1164,60,998,CC,false,1162,A,0,0,,0,
1163,60,998,CC,false,1162,A,0,0,,0,
1166,60,998,CC,false,1167,A,0,0,,0,
1166,40,150,CT,false,1168,A,0,20,,0,
1167,60,998,CC,false,1167,A,0,0,,0,
1167,40,150,CT,false,1169,A,0,20,,0,
1169,60,998,CC,false,1167,A,0,0,,0,
1168,60,998,CC,false,1167,A,0,0,,0,
1171,60,998,CC,false,1172,A,0,0,,0,
1171,40,150,CT,false,1173,A,0,20,,0,
1172,60,998,CC,false,1172,A,0,0,,0,
1172,40,150,CT,false,1174,A,0,20,,0,
1174,60,998,CC,false,1172,A,0,0,,0,
1173,60,998,CC,false,1172,A,0,0,,0,
1176,60,998,CC,false,1177,A,0,0,,0,
1176,40,150,CT,false,1178,A,0,20,,0,
1177,60,998,CC,false,1177,A,0,0,,0,
1177,40,150,CT,false,1179,A,0,20,,0,
1179,60,998,CC,false,1177,A,0,0,,0,
1178,60,998,CC,false,1177,A,0,0,,0,
1181,60,998,CC,false,1182,A,0,0,,0,
1181,40,150,CT,false,1183,A,0,20,,0,
1182,60,998,CC,false,1182,A,0,0,,0,
1182,40,150,CT,false,1184,A,0,20,,0,
1184,60,998,CC,false,1182,A,0,0,,0,
1183,60,998,CC,false,1182,A,0,0,,0,
1186,60,998,CC,false,1187,A,0,0,,0,
1186,40,150,CT,false,1188,A,0,20,,0,
1187,60,998,CC,false,1187,A,0,0,,0,
1187,40,150,CT,false,1189,A,0,20,,0,
1189,60,998,CC,false,1187,A,0,0,,0,
1188,60,998,CC,false,1187,A,0,0,,0,
1191,60,998,CC,false,1192,A,0,0,,0,
1191,40,150,CT,false,1193,A,0,20,,0,
1192,60,998,CC,false,1192,A,0,0,,0,
1192,40,150,CT,false,1194,A,0,20,,0,
1194,60,998,CC,false,1192,A,0,0,,0,
1193,60,998,CC,false,1192,A,0,0,,0,
1196,60,998,CC,false,1197,A,0,0,,0,
1196,40,150,CT,false,1198,A,0,20,,0,
1197,60,998,CC,false,1197,A,0,0,,0,
1197,40,150,CT,false,1199,A,0,20,,0,
1199,60,998,CC,false,1197,A,0,0,,0,
1198,60,998,CC,false,1197,A,0,0,,0,
1201,60,998,CC,false,1202,A,0,0,,0,
1201,40,150,CT,false,1203,A,0,20,,0,
1202,60,998,CC,false,1202,A,0,0,,0,
1202,40,150,CT,false,1204,A,0,20,,0,
1204,60,998,CC,false,1202,A,0,0,,0,
1203,60,998,CC,false,1202,A,0,0,,0,
1206,60,998,CC,false,1207,A,0,0,,0,
1206,40,150,CT,false,1208,A,0,20,,0,
1207,60,998,CC,false,1207,A,0,0,,0,
1207,40,150,CT,false,1209,A,0,20,,0,
1209,60,998,CC,false,1207,A,0,0,,0,
1208,60,998,CC,false,1207,A,0,0,,0,
1211,60,998,CC,false,1212,A,0,0,,0,
1211,40,150,CT,false,1213,A,0,20,,0,
1212,60,998,CC,false,1212,A,0,0,,0,
1212,40,150,CT,false,1214,A,0,20,,0,
1214,60,998,CC,false,1212,A,0,0,,0,
1213,60,998,CC,false,1212,A,0,0,,0,
1216,60,998,CC,false,1217,A,0,0,,0,
1216,40,150,CT,false,1218,A,0,20,,0,
1217,60,998,CC,false,1217,A,0,0,,0,
1217,40,150,CT,false,1219,A,0,20,,0,
1219,60,998,CC,false,1217,A,0,0,,0,
1218,60,998,CC,false,1217,A,0,0,,0,
1221,60,998,CC,false,1222,A,0,0,,0,
1221,40,150,CT,false,1223,A,0,20,,0,
1222,60,998,CC,false,1222,A,0,0,,0,
1222,40,150,CT,false,1224,A,0,20,,0,
1224,60,998,CC,false,1222,A,0,0,,0,
1223,60,998,CC,false,1222,A,0,0,,0,
1227,60,998,CC,false,1228,A,0,0,,0,
1227,40,150,CT,false,1229,A,0,20,,0,
1228,60,998,CC,false,1228,A,0,0,,0,
1228,40,150,CT,false,1230,A,0,20,,0,
1230,60,998,CC,false,1228,A,0,0,,0,
1229,60,998,CC,false,1228,A,0,0,,0,
1232,60,998,CC,false,1233,A,0,0,,0,
1232,40,150,CT,false,1234,A,0,20,,0,
1233,60,998,CC,false,1233,A,0,0,,0,
1233,40,150,CT,false,1235,A,0,20,,0,
1235,60,998,CC,false,1233,A,0,0,,0,
1234,60,998,CC,false,1233,A,0,0,,0,
1237,150,998,CC,false,1238,A,0,0,,0,
1238,150,998,CC,false,1238,A,0,0,,0,
1240,150,998,CC,false,1241,A,0,0,,0,
1241,150,998,CC,false,1241,A,0,0,,0,
1243,60,998,CC,false,1244,A,0,0,,0,
1243,40,150,CT,false,1245,A,0,20,,0,
1244,60,998,CC,false,1244,A,0,0,,0,
1244,40,150,CT,false,1246,A,0,20,,0,
1246,60,998,CC,false,1244,A,0,0,,0,
1245,60,998,CC,false,1244,A,0,0,,0,
1248,60,998,CC,false,1249,A,0,0,,0,
1248,40,150,CT,false,1250,A,0,20,,0,
1249,60,998,CC,false,1249,A,0,0,,0,
1249,40,150,CT,false,1251,A,0,20,,0,
1251,60,998,CC,false,1249,A,0,0,,0,
1250,60,998,CC,false,1249,A,0,0,,0,
1255,60,998,CC,false,1256,A,0,0,,0,
1255,40,150,CT,false,1257,A,0,20,,0,
1256,60,998,CC,false,1256,A,0,0,,0,
1256,40,150,CT,false,1258,A,0,20,,0,
1258,60,998,CC,false,1256,A,0,0,,0,
1257,60,998,CC,false,1256,A,0,0,,0,
1260,60,998,CC,false,1261,A,0,0,,0,
1260,40,150,CT,false,1262,A,0,20,,0,
1261,60,998,CC,false,1261,A,0,0,,0,
1261,40,150,CT,false,1263,A,0,20,,0,
1263,60,998,CC,false,1261,A,0,0,,0,
1262,60,998,CC,false,1261,A,0,0,,0,
1265,60,998,CC,false,1266,A,0,0,,0,
1265,40,150,CT,false,1267,A,0,20,,0,
1266,60,998,CC,false,1266,A,0,0,,0,
1266,40,150,CT,false,1268,A,0,20,,0,
1268,60,998,CC,false,1266,A,0,0,,0,
1267,60,998,CC,false,1266,A,0,0,,0,
1270,60,998,CC,false,1271,A,0,0,,0,
1270,40,150,CT,false,1272,A,0,20,,0,
1271,60,998,CC,false,1271,A,0,0,,0,
1271,40,150,CT,false,1273,A,0,20,,0,
1273,60,998,CC,false,1271,A,0,0,,0,
1272,60,998,CC,false,1271,A,0,0,,0,
1275,60,998,CC,false,1276,A,0,0,,0,
1275,40,150,CT,false,1277,A,0,20,,0,
1276,60,998,CC,false,1276,A,0,0,,0,
1276,40,150,CT,false,1278,A,0,20,,0,
1278,60,998,CC,false,1276,A,0,0,,0,
1277,60,998,CC,false,1276,A,0,0,,0,
1280,60,998,CC,false,1281,A,0,0,,0,
1280,40,150,CT,false,1282,A,0,20,,0,
1281,60,998,CC,false,1281,A,0,0,,0,
1281,40,150,CT,false,1283,A,0,20,,0,
1283,60,998,CC,false,1281,A,0,0,,0,
1282,60,998,CC,false,1281,A,0,0,,0,
1285,60,998,CC,false,1286,A,0,0,,0,
1285,40,150,CT,false,1287,A,0,20,,0,
1286,60,998,CC,false,1286,A,0,0,,0,
1286,40,150,CT,false,1288,A,0,20,,0,
1288,60,998,CC,false,1286,A,0,0,,0,
1287,60,998,CC,false,1286,A,0,0,,0,
1290,60,998,CC,false,1291,A,0,0,,0,
1290,40,150,CT,false,1292,A,0,20,,0,
1291,60,998,CC,false,1291,A,0,0,,0,
1291,40,150,CT,false,1293,A,0,20,,0,
1293,60,998,CC,false,1291,A,0,0,,0,
1292,60,998,CC,false,1291,A,0,0,,0,
1295,60,998,CC,false,1296,A,0,0,,0,
1295,40,150,CT,false,1297,A,0,20,,0,
1296,60,998,CC,false,1296,A,0,0,,0,
1296,40,150,CT,false,1298,A,0,20,,0,
1298,60,998,CC,false,1296,A,0,0,,0,
1297,60,998,CC,false,1296,A,0,0,,0,
1300,60,998,CC,false,1301,A,0,0,,0,
1300,40,150,CT,false,1302,A,0,20,,0,
1301,60,998,CC,false,1301,A,0,0,,0,
1301,40,150,CT,false,1303,A,0,20,,0,
1303,60,998,CC,false,1301,A,0,0,,0,
1302,60,998,CC,false,1301,A,0,0,,0,
1305,60,998,CC,false,1306,A,0,0,,0,
1305,40,150,CT,false,1307,A,0,20,,0,
1306,60,998,CC,false,1306,A,0,0,,0,
1306,40,150,CT,false,1308,A,0,20,,0,
1308,60,998,CC,false,1306,A,0,0,,0,
1307,60,998,CC,false,1306,A,0,0,,0,
1310,150,998,CC,false,1311,A,0,0,,0,
1311,150,998,CC,false,1311,A,0,0,,0,
1313,150,998,CC,false,1314,A,0,0,,0,
1314,150,998,CC,false,1314,A,0,0,,0,
1316,60,998,CC,false,1317,A,0,0,,0,
1316,40,150,CT,false,1318,A,0,20,,0,
1317,60,998,CC,false,1317,A,0,0,,0,
1317,40,150,CT,false,1319,A,0,20,,0,
1319,60,998,CC,false,1317,A,0,0,,0,
1318,60,998,CC,false,1317,A,0,0,,0,
1323,60,998,CC,false,1324,A,0,0,,0,
1323,40,150,CT,false,1325,A,0,20,,0,
1324,60,998,CC,false,1324,A,0,0,,0,
1324,40,150,CT,false,1326,A,0,20,,0,
1326,60,998,CC,false,1324,A,0,0,,0,
1325,60,998,CC,false,1324,A,0,0,,0,
1328,60,998,CC,false,1329,A,0,0,,0,
1328,40,150,CT,false,1330,A,0,20,,0,
1329,60,998,CC,false,1329,A,0,0,,0,
1329,40,150,CT,false,1331,A,0,20,,0,
1331,60,998,CC,false,1329,A,0,0,,0,
1330,60,998,CC,false,1329,A,0,0,,0,
1333,60,998,CC,false,1334,A,0,0,,0,
1333,40,150,CT,false,1335,A,0,20,,0,
1334,60,998,CC,false,1334,A,0,0,,0,
1334,40,150,CT,false,1336,A,0,20,,0,
1336,60,998,CC,false,1334,A,0,0,,0,
1335,60,998,CC,false,1334,A,0,0,,0,
1338,60,998,CC,false,1339,A,0,0,,0,
1338,40,150,CT,false,1340,A,0,20,,0,
1339,60,998,CC,false,1339,A,0,0,,0,
1339,40,150,CT,false,1341,A,0,20,,0,
1341,60,998,CC,false,1339,A,0,0,,0,
1340,60,998,CC,false,1339,A,0,0,,0,
1343,60,998,CC,false,1344,A,0,0,,0,
1343,40,150,CT,false,1345,A,0,20,,0,
1344,60,998,CC,false,1344,A,0,0,,0,
1344,40,150,CT,false,1346,A,0,20,,0,
1346,60,998,CC,false,1344,A,0,0,,0,
1345,60,998,CC,false,1344,A,0,0,,0,
1348,60,998,CC,false,1349,A,0,0,,0,
1348,40,150,CT,false,1350,A,0,20,,0,
1349,60,998,CC,false,1349,A,0,0,,0,
1349,40,150,CT,false,1351,A,0,20,,0,
1351,60,998,CC,false,1349,A,0,0,,0,
1350,60,998,CC,false,1349,A,0,0,,0,
1353,60,998,CC,false,1354,A,0,0,,0,
1353,40,150,CT,false,1355,A,0,20,,0,
1354,60,998,CC,false,1354,A,0,0,,0,
1354,40,150,CT,false,1356,A,0,20,,0,
1356,60,998,CC,false,1354,A,0,0,,0,
1355,60,998,CC,false,1354,A,0,0,,0,
1358,150,998,CC,false,1359,A,0,0,,0,
1359,150,998,CC,false,1359,A,0,0,,0,
1362,60,998,CC,false,1363,A,0,0,,0,
1362,40,150,CT,false,1364,A,0,20,,0,
1363,60,998,CC,false,1363,A,0,0,,0,
1363,40,150,CT,false,1365,A,0,20,,0,
1365,60,998,CC,false,1363,A,0,0,,0,
1364,60,998,CC,false,1363,A,0,0,,0,
1367,60,998,CC,false,1368,A,0,0,,0,
1367,40,150,CT,false,1369,A,0,20,,0,
1368,60,998,CC,false,1368,A,0,0,,0,
1368,40,150,CT,false,1370,A,0,20,,0,
1370,60,998,CC,false,1368,A,0,0,,0,
1369,60,998,CC,false,1368,A,0,0,,0,
1373,60,998,CC,false,1374,A,0,0,,0,
1373,40,150,CT,false,1375,A,0,20,,0,
1374,60,998,CC,false,1374,A,0,0,,0,
1374,40,150,CT,false,1376,A,0,20,,0,
1376,60,998,CC,false,1374,A,0,0,,0,
1375,60,998,CC,false,1374,A,0,0,,0,
1379,60,998,CC,false,1380,A,0,0,,0,
1379,40,150,CT,false,1381,A,0,20,,0,
1380,60,998,CC,false,1380,A,0,0,,0,
1380,40,150,CT,false,1382,A,0,20,,0,
1382,60,998,CC,false,1380,A,0,0,,0,
1381,60,998,CC,false,1380,A,0,0,,0,
1384,60,998,CC,false,1385,A,0,0,,0,
1384,40,150,CT,false,1386,A,0,20,,0,
1385,60,998,CC,false,1385,A,0,0,,0,
1385,40,150,CT,false,1387,A,0,20,,0,
1387,60,998,CC,false,1385,A,0,0,,0,
1386,60,998,CC,false,1385,A,0,0,,0,
1390,60,998,CC,false,1391,A,0,0,,0,
1390,40,150,CT,false,1392,A,0,20,,0,
1391,60,998,CC,false,1391,A,0,0,,0,
1391,40,150,CT,false,1393,A,0,20,,0,
1393,60,998,CC,false,1391,A,0,0,,0,
1392,60,998,CC,false,1391,A,0,0,,0,
1395,60,998,CC,false,1396,A,0,0,,0,
1395,40,150,CT,false,1397,A,0,20,,0,
1396,60,998,CC,false,1396,A,0,0,,0,
1396,40,150,CT,false,1398,A,0,20,,0,
1398,60,998,CC,false,1396,A,0,0,,0,
1397,60,998,CC,false,1396,A,0,0,,0,
1400,60,998,CC,false,1401,A,0,0,,0,
1400,40,150,CT,false,1402,A,0,20,,0,
1401,60,998,CC,false,1401,A,0,0,,0,
1401,40,150,CT,false,1403,A,0,20,,0,
1403,60,998,CC,false,1401,A,0,0,,0,
1402,60,998,CC,false,1401,A,0,0,,0,
1405,60,998,CC,false,1406,A,0,0,,0,
1405,40,150,CT,false,1407,A,0,20,,0,
1406,60,998,CC,false,1406,A,0,0,,0,
1406,40,150,CT,false,1408,A,0,20,,0,
1408,60,998,CC,false,1406,A,0,0,,0,
1407,60,998,CC,false,1406,A,0,0,,0,
1410,60,998,CC,false,1411,A,0,0,,0,
1410,40,150,CT,false,1412,A,0,20,,0,
1411,60,998,CC,false,1411,A,0,0,,0,
1411,40,150,CT,false,1413,A,0,20,,0,
1413,60,998,CC,false,1411,A,0,0,,0,
1412,60,998,CC,false,1411,A,0,0,,0,
1415,60,998,CC,false,1416,A,0,0,,0,
1415,40,150,CT,false,1417,A,0,20,,0,
1416,60,998,CC,false,1416,A,0,0,,0,
1416,40,150,CT,false,1418,A,0,20,,0,
1418,60,998,CC,false,1416,A,0,0,,0,
1417,60,998,CC,false,1416,A,0,0,,0,
1420,60,998,CC,false,1421,A,0,0,,0,
1420,40,150,CT,false,1422,A,0,20,,0,
1421,60,998,CC,false,1421,A,0,0,,0,
1421,40,150,CT,false,1423,A,0,20,,0,
1423,60,998,CC,false,1421,A,0,0,,0,
1422,60,998,CC,false,1421,A,0,0,,0,
1425,60,998,CC,false,1426,A,0,0,,0,
1425,40,150,CT,false,1427,A,0,20,,0,
1426,60,998,CC,false,1426,A,0,0,,0,
1426,40,150,CT,false,1428,A,0,20,,0,
1428,60,998,CC,false,1426,A,0,0,,0,
1427,60,998,CC,false,1426,A,0,0,,0,
1430,60,998,CC,false,1431,A,0,0,,0,
1430,40,150,CT,false,1432,A,0,20,,0,
1431,60,998,CC,false,1431,A,0,0,,0,
1431,40,150,CT,false,1433,A,0,20,,0,
1433,60,998,CC,false,1431,A,0,0,,0,
1432,60,998,CC,false,1431,A,0,0,,0,
1435,60,998,CC,false,1436,A,0,0,,0,
1435,40,150,CT,false,1437,A,0,20,,0,
1436,60,998,CC,false,1436,A,0,0,,0,
1436,40,150,CT,false,1438,A,0,20,,0,
1438,60,998,CC,false,1436,A,0,0,,0,
1437,60,998,CC,false,1436,A,0,0,,0,
1440,60,998,CC,false,1441,A,0,0,,0,
1440,40,150,CT,false,1442,A,0,20,,0,
1441,60,998,CC,false,1441,A,0,0,,0,
1441,40,150,CT,false,1443,A,0,20,,0,
1443,60,998,CC,false,1441,A,0,0,,0,
1442,60,998,CC,false,1441,A,0,0,,0,
1445,60,998,CC,false,1446,A,0,0,,0,
1445,40,150,CT,false,1447,A,0,20,,0,
1446,60,998,CC,false,1446,A,0,0,,0,
1446,40,150,CT,false,1448,A,0,20,,0,
1448,60,998,CC,false,1446,A,0,0,,0,
1447,60,998,CC,false,1446,A,0,0,,0,
1450,60,998,CC,false,1451,A,0,0,,0,
1450,40,150,CT,false,1452,A,0,20,,0,
1451,60,998,CC,false,1451,A,0,0,,0,
1451,40,150,CT,false,1453,A,0,20,,0,
1453,60,998,CC,false,1451,A,0,0,,0,
1452,60,998,CC,false,1451,A,0,0,,0,
1456,60,998,CC,false,1457,A,0,0,,0,
1456,40,150,CT,false,1458,A,0,20,,0,
1457,60,998,CC,false,1457,A,0,0,,0,
1457,40,150,CT,false,1459,A,0,20,,0,
1459,60,998,CC,false,1457,A,0,0,,0,
1458,60,998,CC,false,1457,A,0,0,,0,
1461,60,998,CC,false,1462,A,0,0,,0,
1461,40,150,CT,false,1463,A,0,20,,0,
1462,60,998,CC,false,1462,A,0,0,,0,
1462,40,150,CT,false,1464,A,0,20,,0,
1464,60,998,CC,false,1462,A,0,0,,0,
1463,60,998,CC,false,1462,A,0,0,,0,
1466,60,998,CC,false,1467,A,0,0,,0,
1466,40,150,CT,false,1468,A,0,20,,0,
1467,60,998,CC,false,1467,A,0,0,,0,
1467,40,150,CT,false,1469,A,0,20,,0,
1469,60,998,CC,false,1467,A,0,0,,0,
1468,60,998,CC,false,1467,A,0,0,,0,
1471,60,998,CC,false,1472,A,0,0,,0,
1471,40,150,CT,false,1473,A,0,20,,0,
1472,60,998,CC,false,1472,A,0,0,,0,
1472,40,150,CT,false,1474,A,0,20,,0,
1474,60,998,CC,false,1472,A,0,0,,0,
1473,60,998,CC,false,1472,A,0,0,,0,
1476,60,998,CC,false,1477,A,0,0,,0,
1476,40,150,CT,false,1478,A,0,20,,0,
1477,60,998,CC,false,1477,A,0,0,,0,
1477,40,150,CT,false,1479,A,0,20,,0,
1479,60,998,CC,false,1477,A,0,0,,0,
1478,60,998,CC,false,1477,A,0,0,,0,
1481,60,998,CC,false,1482,A,0,0,,0,
1481,40,150,CT,false,1483,A,0,20,,0,
1482,60,998,CC,false,1482,A,0,0,,0,
1482,40,150,CT,false,1484,A,0,20,,0,
1484,60,998,CC,false,1482,A,0,0,,0,
1483,60,998,CC,false,1482,A,0,0,,0,
1486,60,998,CC,false,1487,A,0,0,,0,
1486,40,150,CT,false,1488,A,0,20,,0,
1487,60,998,CC,false,1487,A,0,0,,0,
1487,40,150,CT,false,1489,A,0,20,,0,
1489,60,998,CC,false,1487,A,0,0,,0,
1488,60,998,CC,false,1487,A,0,0,,0,
1491,150,998,CC,false,1492,A,0,0,,0,
1492,150,998,CC,false,1492,A,0,0,,0,
1494,150,998,CC,false,1495,A,0,0,,0,
1495,150,998,CC,false,1495,A,0,0,,0,
1497,60,998,CC,false,1498,A,0,0,,0,
1497,40,150,CT,false,1499,A,0,20,,0,
1498,60,998,CC,false,1498,A,0,0,,0,
1498,40,150,CT,false,1500,A,0,20,,0,
1500,60,998,CC,false,1498,A,0,0,,0,
1499,60,998,CC,false,1498,A,0,0,,0,
1502,60,998,CC,false,1503,A,0,0,,0,
1502,40,150,CT,false,1504,A,0,20,,0,
1503,60,998,CC,false,1503,A,0,0,,0,
1503,40,150,CT,false,1505,A,0,20,,0,
1505,60,998,CC,false,1503,A,0,0,,0,
1504,60,998,CC,false,1503,A,0,0,,0,
1507,60,998,CC,false,1508,A,0,0,,0,
1507,40,150,CT,false,1509,A,0,20,,0,
1508,60,998,CC,false,1508,A,0,0,,0,
1508,40,150,CT,false,1510,A,0,20,,0,
1510,60,998,CC,false,1508,A,0,0,,0,
1509,60,998,CC,false,1508,A,0,0,,0,
1513,60,998,CC,false,1514,A,0,0,,0,
1513,40,150,CT,false,1515,A,0,20,,0,
1514,60,998,CC,false,1514,A,0,0,,0,
1514,40,150,CT,false,1516,A,0,20,,0,
1516,60,998,CC,false,1514,A,0,0,,0,
1515,60,998,CC,false,1514,A,0,0,,0,
1518,60,998,CC,false,1519,A,0,0,,0,
1518,40,150,CT,false,1520,A,0,20,,0,
1519,60,998,CC,false,1519,A,0,0,,0,
1519,40,150,CT,false,1521,A,0,20,,0,
1521,60,998,CC,false,1519,A,0,0,,0,
1520,60,998,CC,false,1519,A,0,0,,0,
1523,60,998,CC,false,1524,A,0,0,,0,
1523,40,150,CT,false,1525,A,0,20,,0,
1524,60,998,CC,false,1524,A,0,0,,0,
1524,40,150,CT,false,1526,A,0,20,,0,
1526,60,998,CC,false,1524,A,0,0,,0,
1525,60,998,CC,false,1524,A,0,0,,0,
1528,60,998,CC,false,1529,A,0,0,,0,
1528,40,150,CT,false,1530,A,0,20,,0,
1529,60,998,CC,false,1529,A,0,0,,0,
1529,40,150,CT,false,1531,A,0,20,,0,
1531,60,998,CC,false,1529,A,0,0,,0,
1530,60,998,CC,false,1529,A,0,0,,0,
1534,60,998,CC,false,1535,A,0,0,,0,
1534,40,150,CT,false,1536,A,0,20,,0,
1535,60,998,CC,false,1535,A,0,0,,0,
1535,40,150,CT,false,1537,A,0,20,,0,
1537,60,998,CC,false,1535,A,0,0,,0,
1536,60,998,CC,false,1535,A,0,0,,0,
1539,60,998,CC,false,1540,A,0,0,,0,
1539,40,150,CT,false,1541,A,0,20,,0,
1540,60,998,CC,false,1540,A,0,0,,0,
1540,40,150,CT,false,1542,A,0,20,,0,
1542,60,998,CC,false,1540,A,0,0,,0,
1541,60,998,CC,false,1540,A,0,0,,0,
1544,60,998,CC,false,1545,A,0,0,,0,
1544,40,150,CT,false,1546,A,0,20,,0,
1545,60,998,CC,false,1545,A,0,0,,0,
1545,40,150,CT,false,1547,A,0,20,,0,
1547,60,998,CC,false,1545,A,0,0,,0,
1546,60,998,CC,false,1545,A,0,0,,0,
1549,60,998,CC,false,1550,A,0,0,,0,
1549,40,150,CT,false,1551,A,0,20,,0,
1550,60,998,CC,false,1550,A,0,0,,0,
1550,40,150,CT,false,1552,A,0,20,,0,
1552,60,998,CC,false,1550,A,0,0,,0,
1551,60,998,CC,false,1550,A,0,0,,0,
1554,60,998,CC,false,1555,A,0,0,,0,
1554,40,150,CT,false,1556,A,0,20,,0,
1555,60,998,CC,false,1555,A,0,0,,0,
1555,40,150,CT,false,1557,A,0,20,,0,
1557,60,998,CC,false,1555,A,0,0,,0,
1556,60,998,CC,false,1555,A,0,0,,0,
1559,60,998,CC,false,1560,A,0,0,,0,
1559,40,150,CT,false,1561,A,0,20,,0,
1560,60,998,CC,false,1560,A,0,0,,0,
1560,40,150,CT,false,1562,A,0,20,,0,
1562,60,998,CC,false,1560,A,0,0,,0,
1561,60,998,CC,false,1560,A,0,0,,0,
1564,60,998,CC,false,1565,A,0,0,,0,
1564,40,150,CT,false,1566,A,0,20,,0,
1565,60,998,CC,false,1565,A,0,0,,0,
1565,40,150,CT,false,1567,A,0,20,,0,
1567,60,998,CC,false,1565,A,0,0,,0,
1566,60,998,CC,false,1565,A,0,0,,0,
1569,60,998,CC,false,1570,A,0,0,,0,
1569,40,150,CT,false,1571,A,0,20,,0,
1570,60,998,CC,false,1570,A,0,0,,0,
1570,40,150,CT,false,1572,A,0,20,,0,
1572,60,998,CC,false,1570,A,0,0,,0,
1571,60,998,CC,false,1570,A,0,0,,0,
1574,60,998,CC,false,1575,A,0,0,,0,
1574,40,150,CT,false,1576,A,0,20,,0,
1575,60,998,CC,false,1575,A,0,0,,0,
1575,40,150,CT,false,1577,A,0,20,,0,
1577,60,998,CC,false,1575,A,0,0,,0,
1576,60,998,CC,false,1575,A,0,0,,0,
1580,60,998,CC,false,1581,A,0,0,,0,
1580,40,150,CT,false,1582,A,0,20,,0,
1581,60,998,CC,false,1581,A,0,0,,0,
1581,40,150,CT,false,1583,A,0,20,,0,
1583,60,998,CC,false,1581,A,0,0,,0,
1582,60,998,CC,false,1581,A,0,0,,0,
1585,60,998,CC,false,1586,A,0,0,,0,
1585,40,150,CT,false,1587,A,0,20,,0,
1586,60,998,CC,false,1586,A,0,0,,0,
1586,40,150,CT,false,1588,A,0,20,,0,
1588,60,998,CC,false,1586,A,0,0,,0,
1587,60,998,CC,false,1586,A,0,0,,0,
1590,60,998,CC,false,1591,A,0,0,,0,
1590,40,150,CT,false,1592,A,0,20,,0,
1591,60,998,CC,false,1591,A,0,0,,0,
1591,40,150,CT,false,1593,A,0,20,,0,
1593,60,998,CC,false,1591,A,0,0,,0,
1592,60,998,CC,false,1591,A,0,0,,0,
1595,60,998,CC,false,1596,A,0,0,,0,
1595,40,150,CT,false,1597,A,0,20,,0,
1596,60,998,CC,false,1596,A,0,0,,0,
1596,40,150,CT,false,1598,A,0,20,,0,
1598,60,998,CC,false,1596,A,0,0,,0,
1597,60,998,CC,false,1596,A,0,0,,0,
1600,60,998,CC,false,1601,A,0,0,,0,
1601,60,998,CC,false,1601,A,0,0,,0,
1604,60,998,CC,false,1605,A,0,0,,0,
1604,40,150,CT,false,1606,A,0,20,,0,
1605,60,998,CC,false,1605,A,0,0,,0,
1605,40,150,CT,false,1607,A,0,20,,0,
1607,60,998,CC,false,1605,A,0,0,,0,
1606,60,998,CC,false,1605,A,0,0,,0,
1611,60,998,CC,false,1612,A,0,0,,0,
1611,40,150,CT,false,1613,A,0,20,,0,
1612,60,998,CC,false,1612,A,0,0,,0,
1612,40,150,CT,false,1614,A,0,20,,0,
1614,60,998,CC,false,1612,A,0,0,,0,
1613,60,998,CC,false,1612,A,0,0,,0,
1617,60,998,CC,false,1618,A,0,0,,0,
1617,40,150,CT,false,1619,A,0,20,,0,
1618,60,998,CC,false,1618,A,0,0,,0,
1618,40,150,CT,false,1620,A,0,20,,0,
1620,60,998,CC,false,1618,A,0,0,,0,
1619,60,998,CC,false,1618,A,0,0,,0,
1623,60,998,CC,false,1624,A,0,0,,0,
1623,40,150,CT,false,1625,A,0,20,,0,
1624,60,998,CC,false,1624,A,0,0,,0,
1624,40,150,CT,false,1626,A,0,20,,0,
1626,60,998,CC,false,1624,A,0,0,,0,
1625,60,998,CC,false,1624,A,0,0,,0,
1628,60,998,CC,false,1629,A,0,0,,0,
1628,40,150,CT,false,1630,A,0,20,,0,
1629,60,998,CC,false,1629,A,0,0,,0,
1629,40,150,CT,false,1631,A,0,20,,0,
1631,60,998,CC,false,1629,A,0,0,,0,
1630,60,998,CC,false,1629,A,0,0,,0,
1633,60,998,CC,false,1634,A,0,0,,0,
1633,40,150,CT,false,1635,A,0,20,,0,
1634,60,998,CC,false,1634,A,0,0,,0,
1634,40,150,CT,false,1636,A,0,20,,0,
1636,60,998,CC,false,1634,A,0,0,,0,
1635,60,998,CC,false,1634,A,0,0,,0,
1638,60,998,CC,false,1639,A,0,0,,0,
1638,40,150,CT,false,1640,A,0,20,,0,
1639,60,998,CC,false,1639,A,0,0,,0,
1639,40,150,CT,false,1641,A,0,20,,0,
1641,60,998,CC,false,1639,A,0,0,,0,
1640,60,998,CC,false,1639,A,0,0,,0,
1643,60,998,CC,false,1644,A,0,0,,0,
1643,40,150,CT,false,1645,A,0,20,,0,
1644,60,998,CC,false,1644,A,0,0,,0,
1644,40,150,CT,false,1646,A,0,20,,0,
1646,60,998,CC,false,1644,A,0,0,,0,
1645,60,998,CC,false,1644,A,0,0,,0,
1650,60,998,CC,false,1651,A,0,0,,0,
1650,40,150,CT,false,1652,A,0,20,,0,
1651,60,998,CC,false,1651,A,0,0,,0,
1651,40,150,CT,false,1653,A,0,20,,0,
1653,60,998,CC,false,1651,A,0,0,,0,
1652,60,998,CC,false,1651,A,0,0,,0,
1655,60,998,CC,false,1656,A,0,0,,0,
1655,40,150,CT,false,1657,A,0,20,,0,
1656,60,998,CC,false,1656,A,0,0,,0,
1656,40,150,CT,false,1658,A,0,20,,0,
1658,60,998,CC,false,1656,A,0,0,,0,
1657,60,998,CC,false,1656,A,0,0,,0,
1660,60,998,CC,false,1661,A,0,0,,0,
1660,40,150,CT,false,1662,A,0,20,,0,
1661,60,998,CC,false,1661,A,0,0,,0,
1661,40,150,CT,false,1663,A,0,20,,0,
1663,60,998,CC,false,1661,A,0,0,,0,
1662,60,998,CC,false,1661,A,0,0,,0,
1665,150,998,CC,false,1666,A,0,0,,0,
1666,150,998,CC,false,1666,A,0,0,,0,
1668,60,998,CC,false,1669,A,0,0,,0,
1668,40,150,CT,false,1670,A,0,20,,0,
1669,60,998,CC,false,1669,A,0,0,,0,
1669,40,150,CT,false,1671,A,0,20,,0,
1671,60,998,CC,false,1669,A,0,0,,0,
1670,60,998,CC,false,1669,A,0,0,,0,
1675,60,998,CC,false,1676,A,0,0,,0,
1675,40,150,CT,false,1677,A,0,20,,0,
1676,60,998,CC,false,1676,A,0,0,,0,
1676,40,150,CT,false,1678,A,0,20,,0,
1678,60,998,CC,false,1676,A,0,0,,0,
1677,60,998,CC,false,1676,A,0,0,,0,
1680,60,998,CC,false,1681,A,0,0,,0,
1680,40,150,CT,false,1682,A,0,20,,0,
1681,60,998,CC,false,1681,A,0,0,,0,
1681,40,150,CT,false,1683,A,0,20,,0,
1683,60,998,CC,false,1681,A,0,0,,0,
1682,60,998,CC,false,1681,A,0,0,,0,
1685,60,998,CC,false,1686,A,0,0,,0,
1685,40,150,CT,false,1687,A,0,20,,0,
1686,60,998,CC,false,1686,A,0,0,,0,
1686,40,150,CT,false,1688,A,0,20,,0,
1688,60,998,CC,false,1686,A,0,0,,0,
1687,60,998,CC,false,1686,A,0,0,,0,
1690,60,998,CC,false,1691,A,0,0,,0,
1690,40,150,CT,false,1692,A,0,20,,0,
1691,60,998,CC,false,1691,A,0,0,,0,
1691,40,150,CT,false,1693,A,0,20,,0,
1693,60,998,CC,false,1691,A,0,0,,0,
1692,60,998,CC,false,1691,A,0,0,,0,
1695,60,998,CC,false,1696,A,0,0,,0,
1695,40,150,CT,false,1697,A,0,20,,0,
1696,60,998,CC,false,1696,A,0,0,,0,
1696,40,150,CT,false,1698,A,0,20,,0,
1698,60,998,CC,false,1696,A,0,0,,0,
1697,60,998,CC,false,1696,A,0,0,,0,
1701,60,998,CC,false,1702,A,0,0,,0,
1701,40,150,CT,false,1703,A,0,20,,0,
1702,60,998,CC,false,1702,A,0,0,,0,
1702,40,150,CT,false,1704,A,0,20,,0,
1704,60,998,CC,false,1702,A,0,0,,0,
1703,60,998,CC,false,1702,A,0,0,,0,
1706,60,998,CC,false,1707,A,0,0,,0,
1706,40,150,CT,false,1708,A,0,20,,0,
1707,60,998,CC,false,1707,A,0,0,,0,
1707,40,150,CT,false,1709,A,0,20,,0,
1709,60,998,CC,false,1707,A,0,0,,0,
1708,60,998,CC,false,1707,A,0,0,,0,
1711,60,998,CC,false,1712,A,0,0,,0,
1711,40,150,CT,false,1713,A,0,20,,0,
1712,60,998,CC,false,1712,A,0,0,,0,
1712,40,150,CT,false,1714,A,0,20,,0,
1714,60,998,CC,false,1712,A,0,0,,0,
1713,60,998,CC,false,1712,A,0,0,,0,
1717,150,998,CC,false,1718,A,0,0,,0,
1718,150,998,CC,false,1718,A,0,0,,0,
1720,60,998,CC,false,1721,A,0,0,,0,
1720,40,150,CT,false,1722,A,0,20,,0,
1721,60,998,CC,false,1721,A,0,0,,0,
1721,40,150,CT,false,1723,A,0,20,,0,
1723,60,998,CC,false,1721,A,0,0,,0,
1722,60,998,CC,false,1721,A,0,0,,0,
1726,60,998,CC,false,1727,A,0,0,,0,
1726,40,150,CT,false,1728,A,0,20,,0,
1727,60,998,CC,false,1727,A,0,0,,0,
1727,40,150,CT,false,1729,A,0,20,,0,
1729,60,998,CC,false,1727,A,0,0,,0,
1728,60,998,CC,false,1727,A,0,0,,0,
1731,60,998,CC,false,1732,A,0,0,,0,
1731,40,150,CT,false,1733,A,0,20,,0,
1732,60,998,CC,false,1732,A,0,0,,0,
1732,40,150,CT,false,1734,A,0,20,,0,
1734,60,998,CC,false,1732,A,0,0,,0,
1733,60,998,CC,false,1732,A,0,0,,0,
1736,60,998,CC,false,1737,A,0,0,,0,
1736,40,150,CT,false,1738,A,0,20,,0,
1737,60,998,CC,false,1737,A,0,0,,0,
1737,40,150,CT,false,1739,A,0,20,,0,
1739,60,998,CC,false,1737,A,0,0,,0,
1738,60,998,CC,false,1737,A,0,0,,0,
1741,60,998,CC,false,1742,A,0,0,,0,
1741,40,150,CT,false,1743,A,0,20,,0,
1742,60,998,CC,false,1742,A,0,0,,0,
1742,40,150,CT,false,1744,A,0,20,,0,
1744,60,998,CC,false,1742,A,0,0,,0,
1743,60,998,CC,false,1742,A,0,0,,0,
1746,60,998,CC,false,1747,A,0,0,,0,
1746,40,150,CT,false,1748,A,0,20,,0,
1747,60,998,CC,false,1747,A,0,0,,0,
1747,40,150,CT,false,1749,A,0,20,,0,
1749,60,998,CC,false,1747,A,0,0,,0,
1748,60,998,CC,false,1747,A,0,0,,0,
1752,60,998,CC,false,1753,A,0,0,,0,
1752,40,150,CT,false,1754,A,0,20,,0,
1753,60,998,CC,false,1753,A,0,0,,0,
1753,40,150,CT,false,1755,A,0,20,,0,
1755,60,998,CC,false,1753,A,0,0,,0,
1754,60,998,CC,false,1753,A,0,0,,0,
1757,60,998,CC,false,1758,A,0,0,,0,
1757,40,150,CT,false,1759,A,0,20,,0,
1758,60,998,CC,false,1758,A,0,0,,0,
1758,40,150,CT,false,1760,A,0,20,,0,
1760,60,998,CC,false,1758,A,0,0,,0,
1759,60,998,CC,false,1758,A,0,0,,0,
1763,60,998,CC,false,1764,A,0,0,,0,
1763,40,150,CT,false,1765,A,0,20,,0,
1764,60,998,CC,false,1764,A,0,0,,0,
1764,40,150,CT,false,1766,A,0,20,,0,
1766,60,998,CC,false,1764,A,0,0,,0,
1765,60,998,CC,false,1764,A,0,0,,0,
1768,60,998,CC,false,1769,A,0,0,,0,
1768,40,150,CT,false,1770,A,0,20,,0,
1769,60,998,CC,false,1769,A,0,0,,0,
1769,40,150,CT,false,1771,A,0,20,,0,
1771,60,998,CC,false,1769,A,0,0,,0,
1770,60,998,CC,false,1769,A,0,0,,0,
1773,60,998,CC,false,1774,A,0,0,,0,
1773,40,150,CT,false,1775,A,0,20,,0,
1774,60,998,CC,false,1774,A,0,0,,0,
1774,40,150,CT,false,1776,A,0,20,,0,
1776,60,998,CC,false,1774,A,0,0,,0,
1775,60,998,CC,false,1774,A,0,0,,0,
1778,60,998,CC,false,1779,A,0,0,,0,
1778,40,150,CT,false,1780,A,0,20,,0,
1779,60,998,CC,false,1779,A,0,0,,0,
1779,40,150,CT,false,1781,A,0,20,,0,
1781,60,998,CC,false,1779,A,0,0,,0,
1780,60,998,CC,false,1779,A,0,0,,0,
1783,60,998,CC,false,1784,A,0,0,,0,
1783,40,150,CT,false,1785,A,0,20,,0,
1784,60,998,CC,false,1784,A,0,0,,0,
1784,40,150,CT,false,1786,A,0,20,,0,
1786,60,998,CC,false,1784,A,0,0,,0,
1785,60,998,CC,false,1784,A,0,0,,0,
1788,60,998,CC,false,1789,A,0,0,,0,
1788,40,150,CT,false,1790,A,0,20,,0,
1789,60,998,CC,false,1789,A,0,0,,0,
1789,40,150,CT,false,1791,A,0,20,,0,
1791,60,998,CC,false,1789,A,0,0,,0,
1790,60,998,CC,false,1789,A,0,0,,0,
1793,60,998,CC,false,1794,A,0,0,,0,
1793,40,150,CT,false,1795,A,0,20,,0,
1794,60,998,CC,false,1794,A,0,0,,0,
1794,40,150,CT,false,1796,A,0,20,,0,
1796,60,998,CC,false,1794,A,0,0,,0,
1795,60,998,CC,false,1794,A,0,0,,0,
1799,60,998,CC,false,1800,A,0,0,,0,
1799,40,150,CT,false,1801,A,0,20,,0,
1800,60,998,CC,false,1800,A,0,0,,0,
1800,40,150,CT,false,1802,A,0,20,,0,
1802,60,998,CC,false,1800,A,0,0,,0,
1801,60,998,CC,false,1800,A,0,0,,0,
1804,150,998,CC,false,1805,A,0,0,,0,
1805,150,998,CC,false,1805,A,0,0,,0,
1807,60,998,CC,false,1808,A,0,0,,0,
1807,40,150,CT,false,1809,A,0,20,,0,
1808,60,998,CC,false,1808,A,0,0,,0,
1808,40,150,CT,false,1810,A,0,20,,0,
1810,60,998,CC,false,1808,A,0,0,,0,
1809,60,998,CC,false,1808,A,0,0,,0,
1812,60,998,CC,false,1813,A,0,0,,0,
1812,40,150,CT,false,1814,A,0,20,,0,
1813,60,998,CC,false,1813,A,0,0,,0,
1813,40,150,CT,false,1815,A,0,20,,0,
1815,60,998,CC,false,1813,A,0,0,,0,
1814,60,998,CC,false,1813,A,0,0,,0,
1817,60,998,CC,false,1818,A,0,0,,0,
1817,40,150,CT,false,1819,A,0,20,,0,
1818,60,998,CC,false,1818,A,0,0,,0,
1818,40,150,CT,false,1820,A,0,20,,0,
1820,60,998,CC,false,1818,A,0,0,,0,
1819,60,998,CC,false,1818,A,0,0,,0,
1822,60,998,CC,false,1823,A,0,0,,0,
1822,40,150,CT,false,1824,A,0,20,,0,
1823,60,998,CC,false,1823,A,0,0,,0,
1823,40,150,CT,false,1825,A,0,20,,0,
1825,60,998,CC,false,1823,A,0,0,,0,
1824,60,998,CC,false,1823,A,0,0,,0,
1827,60,998,CC,false,1828,A,0,0,,0,
1827,40,150,CT,false,1829,A,0,20,,0,
1828,60,998,CC,false,1828,A,0,0,,0,
1828,40,150,CT,false,1830,A,0,20,,0,
1830,60,998,CC,false,1828,A,0,0,,0,
1829,60,998,CC,false,1828,A,0,0,,0,
1832,60,998,CC,false,1833,A,0,0,,0,
1832,40,150,CT,false,1834,A,0,20,,0,
1833,60,998,CC,false,1833,A,0,0,,0,
1833,40,150,CT,false,1835,A,0,20,,0,
1835,60,998,CC,false,1833,A,0,0,,0,
1834,60,998,CC,false,1833,A,0,0,,0,
1837,60,998,CC,false,1838,A,0,0,,0,
1837,40,150,CT,false,1839,A,0,20,,0,
1838,60,998,CC,false,1838,A,0,0,,0,
1838,40,150,CT,false,1840,A,0,20,,0,
1840,60,998,CC,false,1838,A,0,0,,0,
1839,60,998,CC,false,1838,A,0,0,,0,
1843,60,998,CC,false,1844,A,0,0,,0,
1843,40,150,CT,false,1845,A,0,20,,0,
1844,60,998,CC,false,1844,A,0,0,,0,
1844,40,150,CT,false,1846,A,0,20,,0,
1846,60,998,CC,false,1844,A,0,0,,0,
1845,60,998,CC,false,1844,A,0,0,,0,
1848,60,998,CC,false,1849,A,0,0,,0,
1848,40,150,CT,false,1850,A,0,20,,0,
1849,60,998,CC,false,1849,A,0,0,,0,
1849,40,150,CT,false,1851,A,0,20,,0,
1851,60,998,CC,false,1849,A,0,0,,0,
1850,60,998,CC,false,1849,A,0,0,,0,
1853,60,998,CC,false,1854,A,0,0,,0,
1853,40,150,CT,false,1855,A,0,20,,0,
1854,60,998,CC,false,1854,A,0,0,,0,
1854,40,150,CT,false,1856,A,0,20,,0,
1856,60,998,CC,false,1854,A,0,0,,0,
1855,60,998,CC,false,1854,A,0,0,,0,
1858,60,998,CC,false,1859,A,0,0,,0,
1858,40,150,CT,false,1860,A,0,20,,0,
1859,60,998,CC,false,1859,A,0,0,,0,
1859,40,150,CT,false,1861,A,0,20,,0,
1861,60,998,CC,false,1859,A,0,0,,0,
1860,60,998,CC,false,1859,A,0,0,,0,
1863,60,998,CC,false,1864,A,0,0,,0,
1863,40,150,CT,false,1865,A,0,20,,0,
1864,60,998,CC,false,1864,A,0,0,,0,
1864,40,150,CT,false,1866,A,0,20,,0,
1866,60,998,CC,false,1864,A,0,0,,0,
1865,60,998,CC,false,1864,A,0,0,,0,
1868,60,998,CC,false,1869,A,0,0,,0,
1868,40,150,CT,false,1870,A,0,20,,0,
1869,60,998,CC,false,1869,A,0,0,,0,
1869,40,150,CT,false,1871,A,0,20,,0,
1871,60,998,CC,false,1869,A,0,0,,0,
1870,60,998,CC,false,1869,A,0,0,,0,
1873,60,998,CC,false,1874,A,0,0,,0,
1873,40,150,CT,false,1875,A,0,20,,0,
1874,60,998,CC,false,1874,A,0,0,,0,
1874,40,150,CT,false,1876,A,0,20,,0,
1876,60,998,CC,false,1874,A,0,0,,0,
1875,60,998,CC,false,1874,A,0,0,,0,
1879,60,998,CC,false,1880,A,0,0,,0,
1879,40,150,CT,false,1881,A,0,20,,0,
1880,60,998,CC,false,1880,A,0,0,,0,
1880,40,150,CT,false,1882,A,0,20,,0,
1882,60,998,CC,false,1880,A,0,0,,0,
1881,60,998,CC,false,1880,A,0,0,,0,
1884,150,998,CC,false,1885,A,0,0,,0,
1885,150,998,CC,false,1885,A,0,0,,0,
1887,150,998,CC,false,1888,A,0,0,,0,
1888,150,998,CC,false,1888,A,0,0,,0,
1890,60,998,CC,false,1891,A,0,0,,0,
1890,40,150,CT,false,1892,A,0,20,,0,
1891,60,998,CC,false,1891,A,0,0,,0,
1891,40,150,CT,false,1893,A,0,20,,0,
1893,60,998,CC,false,1891,A,0,0,,0,
1892,60,998,CC,false,1891,A,0,0,,0,
1895,60,998,CC,false,1896,A,0,0,,0,
1895,40,150,CT,false,1897,A,0,20,,0,
1896,60,998,CC,false,1896,A,0,0,,0,
1896,40,150,CT,false,1898,A,0,20,,0,
1898,60,998,CC,false,1896,A,0,0,,0,
1897,60,998,CC,false,1896,A,0,0,,0,
1900,60,998,CC,false,1901,A,0,0,,0,
1900,40,150,CT,false,1902,A,0,20,,0,
1901,60,998,CC,false,1901,A,0,0,,0,
1901,40,150,CT,false,1903,A,0,20,,0,
1903,60,998,CC,false,1901,A,0,0,,0,
1902,60,998,CC,false,1901,A,0,0,,0,
1907,60,998,CC,false,1908,A,0,0,,0,
1907,40,150,CT,false,1909,A,0,20,,0,
1908,60,998,CC,false,1908,A,0,0,,0,
1908,40,150,CT,false,1910,A,0,20,,0,
1910,60,998,CC,false,1908,A,0,0,,0,
1909,60,998,CC,false,1908,A,0,0,,0,
1912,60,998,CC,false,1913,A,0,0,,0,
1912,40,150,CT,false,1914,A,0,20,,0,
1913,60,998,CC,false,1913,A,0,0,,0,
1913,40,150,CT,false,1915,A,0,20,,0,
1915,60,998,CC,false,1913,A,0,0,,0,
1914,60,998,CC,false,1913,A,0,0,,0,
1917,60,998,CC,false,1918,A,0,0,,0,
1917,40,150,CT,false,1919,A,0,20,,0,
1918,60,998,CC,false,1918,A,0,0,,0,
1918,40,150,CT,false,1920,A,0,20,,0,
1920,60,998,CC,false,1918,A,0,0,,0,
1919,60,998,CC,false,1918,A,0,0,,0,
1922,60,998,CC,false,1923,A,0,0,,0,
1922,40,150,CT,false,1924,A,0,20,,0,
1923,60,998,CC,false,1923,A,0,0,,0,
1923,40,150,CT,false,1925,A,0,20,,0,
1925,60,998,CC,false,1923,A,0,0,,0,
1924,60,998,CC,false,1923,A,0,0,,0,
1927,60,998,CC,false,1928,A,0,0,,0,
1927,40,150,CT,false,1929,A,0,20,,0,
1928,60,998,CC,false,1928,A,0,0,,0,
1928,40,150,CT,false,1930,A,0,20,,0,
1930,60,998,CC,false,1928,A,0,0,,0,
1929,60,998,CC,false,1928,A,0,0,,0,
1932,60,998,CC,false,1933,A,0,0,,0,
1932,40,150,CT,false,1934,A,0,20,,0,
1933,60,998,CC,false,1933,A,0,0,,0,
1933,40,150,CT,false,1935,A,0,20,,0,
1935,60,998,CC,false,1933,A,0,0,,0,
1934,60,998,CC,false,1933,A,0,0,,0,
1937,60,998,CC,false,1938,A,0,0,,0,
1937,40,150,CT,false,1939,A,0,20,,0,
1938,60,998,CC,false,1938,A,0,0,,0,
1938,40,150,CT,false,1940,A,0,20,,0,
1940,60,998,CC,false,1938,A,0,0,,0,
1939,60,998,CC,false,1938,A,0,0,,0,
1942,150,998,CC,false,1943,A,0,0,,0,
1943,150,998,CC,false,1943,A,0,0,,0,
1945,60,998,CC,false,1946,A,0,0,,0,
1945,40,150,CT,false,1947,A,0,20,,0,
1946,60,998,CC,false,1946,A,0,0,,0,
1946,40,150,CT,false,1948,A,0,20,,0,
1948,60,998,CC,false,1946,A,0,0,,0,
1947,60,998,CC,false,1946,A,0,0,,0,
1950,60,998,CC,false,1951,A,0,0,,0,
1950,40,150,CT,false,1952,A,0,20,,0,
1951,60,998,CC,false,1951,A,0,0,,0,
1951,40,150,CT,false,1953,A,0,20,,0,
1953,60,998,CC,false,1951,A,0,0,,0,
1952,60,998,CC,false,1951,A,0,0,,0,
1955,60,998,CC,false,1956,A,0,0,,0,
1955,40,150,CT,false,1957,A,0,20,,0,
1956,60,998,CC,false,1956,A,0,0,,0,
1956,40,150,CT,false,1958,A,0,20,,0,
1958,60,998,CC,false,1956,A,0,0,,0,
1957,60,998,CC,false,1956,A,0,0,,0,
1961,60,998,CC,false,1962,A,0,0,,0,
1961,40,150,CT,false,1963,A,0,20,,0,
1962,60,998,CC,false,1962,A,0,0,,0,
1962,40,150,CT,false,1964,A,0,20,,0,
1964,60,998,CC,false,1962,A,0,0,,0,
1963,60,998,CC,false,1962,A,0,0,,0,
1966,60,998,CC,false,1967,A,0,0,,0,
1966,40,150,CT,false,1968,A,0,20,,0,
1967,60,998,CC,false,1967,A,0,0,,0,
1967,40,150,CT,false,1969,A,0,20,,0,
1969,60,998,CC,false,1967,A,0,0,,0,
1968,60,998,CC,false,1967,A,0,0,,0,
2110,60,998,CC,false,2111,A,0,0,,0,
2111,60,998,CC,false,2111,A,0,0,,0,
2113,60,998,CC,false,2114,A,0,0,,0,
2113,40,150,CT,false,2115,A,0,20,,0,
2114,60,998,CC,false,2114,A,0,0,,0,
2114,40,150,CT,false,2116,A,0,20,,0,
2116,60,998,CC,false,2114,A,0,0,,0,
2115,60,998,CC,false,2114,A,0,0,,0,
