TRACK,OFFSET,NEXTAGE,CYCLE,status,au,auf,oper,ct,aux
1,0,0,0,N,2121,2021,Operable,N,2121
2,0,0,0,C,2121,2021,Operable,N,2121
3,0,0,0,C,2021,2021,Operable,N,2121
4,0,0,0,N,2104,2004,Operable,Y,2104
5,0,0,0,C,2104,2004,Operable,Y,2104
6,0,0,0,C,2004,2004,Operable,Y,2104
8,0,0,0,C,thn_2004,2004,Operable,Y,2104
7,0,0,0,C,thn_2104,2004,Operable,Y,2104
9,0,0,0,N,2101,1,Reserve,N,2101
10,0,0,0,N,1043,1043,Reserve,N,1043
11,0,0,0,N,2113,2013,Operable,Y,2113
12,0,0,0,C,2113,2013,Operable,Y,2113
13,0,0,0,C,2013,2013,Operable,Y,2113
15,0,0,0,C,thn_2013,2013,Operable,Y,2113
14,0,0,0,C,thn_2113,2013,Operable,Y,2113
16,0,0,0,N,2122,2022,Operable,Y,2122
17,0,0,0,C,2122,2022,Operable,Y,2122
18,0,0,0,C,2022,2022,Operable,Y,2122
20,0,0,0,C,thn_2022,2022,Operable,Y,2122
19,0,0,0,C,thn_2122,2022,Operable,Y,2122
21,0,0,0,N,2112,2012,Operable,Y,2112
22,0,0,0,C,2112,2012,Operable,Y,2112
23,0,0,0,C,2012,2012,Operable,Y,2112
25,0,0,0,C,thn_2012,2012,Operable,Y,2112
24,0,0,0,C,thn_2112,2012,Operable,Y,2112
26,0,0,0,N,2123,2023,Operable,Y,2123
27,0,0,0,C,2123,2023,Operable,Y,2123
28,0,0,0,C,2023,2023,Operable,Y,2123
30,0,0,0,C,thn_2023,2023,Operable,Y,2123
29,0,0,0,C,thn_2123,2023,Operable,Y,2123
31,0,0,0,N,896,2003,Operable,Y,896
32,0,0,0,C,896,2003,Operable,Y,896
33,0,0,0,C,2003,2003,Operable,Y,896
35,0,0,0,C,thn_2003,2003,Operable,Y,896
34,0,0,0,C,thn_896,2003,Operable,Y,896
36,0,0,0,N,2101,6,Reserve,N,2101
37,0,0,0,N,2121,30,Reserve,N,2121
38,0,0,0,N,2121,98,Reserve,N,2121
39,0,0,0,N,945,2003,Operable,Y,945
40,0,0,0,C,945,2003,Operable,Y,945
41,0,0,0,C,2003,2003,Operable,Y,945
43,0,0,0,C,thn_2003,2003,Operable,Y,945
42,0,0,0,C,thn_945,2003,Operable,Y,945
44,0,0,0,N,2103,2003,Operable,Y,2103
45,0,0,0,C,2103,2003,Operable,Y,2103
46,0,0,0,C,2003,2003,Operable,Y,2103
48,0,0,0,C,thn_2003,2003,Operable,Y,2103
47,0,0,0,C,thn_2103,2003,Operable,Y,2103
49,0,0,0,N,2101,2001,Operable,N,2101
50,0,0,0,C,2101,2001,Operable,N,2101
51,0,0,0,C,2001,2001,Operable,N,2101
52,0,0,0,N,523,523,Reserve,N,523
53,0,0,0,N,667,2021,Operable,N,667
54,0,0,0,C,667,2021,Operable,N,667
55,0,0,0,C,2021,2021,Operable,N,667
56,0,0,0,N,761,2011,Low Operability,N,761
57,0,0,0,C,761,2011,Low Operability,N,761
58,0,0,0,C,2011,2011,Low Operability,N,761
59,0,0,0,N,501,501,Reserve,N,501
60,0,0,0,N,138,2021,Operable,N,138
61,0,0,0,C,138,2021,Operable,N,138
62,0,0,0,C,2021,2021,Operable,N,138
63,0,0,0,N,698,2021,Operable,N,698
64,0,0,0,C,698,2021,Operable,N,698
65,0,0,0,C,2021,2021,Operable,N,698
66,0,0,0,N,568,2021,Operable,N,568
67,0,0,0,C,568,2021,Operable,N,568
68,0,0,0,C,2021,2021,Operable,N,568
69,0,0,0,N,1044,1044,Reserve,N,1044
70,0,0,0,N,648,2021,Low Operability,N,648
71,0,0,0,C,648,2021,Low Operability,N,648
72,0,0,0,C,2021,2021,Low Operability,N,648
73,0,0,0,N,511,2021,Operable,N,511
74,0,0,0,C,511,2021,Operable,N,511
75,0,0,0,C,2021,2021,Operable,N,511
76,0,0,0,N,2111,373,Reserve,N,2111
77,0,0,0,N,907,907,Reserve,N,907
78,0,0,0,N,693,693,Riparian,N,693
79,0,0,0,N,422,422,Reserve,N,422
80,0,0,0,N,662,662,Riparian,N,662
81,0,0,0,N,509,2021,Operable,N,509
82,0,0,0,C,509,2021,Operable,N,509
83,0,0,0,C,2021,2021,Operable,N,509
84,0,0,0,N,414,414,Reserve,N,414
85,0,0,0,N,647,2021,Low Operability,N,647
86,0,0,0,C,647,2021,Low Operability,N,647
87,0,0,0,C,2021,2021,Low Operability,N,647
88,0,0,0,N,420,420,Reserve,N,420
89,0,0,0,N,740,2021,Operable,N,740
90,0,0,0,C,740,2021,Operable,N,740
91,0,0,0,C,2021,2021,Operable,N,740
92,0,0,0,N,903,903,Reserve,N,903
93,0,0,0,N,467,2021,Low Operability,N,467
94,0,0,0,C,467,2021,Low Operability,N,467
95,0,0,0,C,2021,2021,Low Operability,N,467
96,0,0,0,N,510,2021,Operable,N,510
97,0,0,0,C,510,2021,Operable,N,510
98,0,0,0,C,2021,2021,Operable,N,510
99,0,0,0,N,2112,2012,Low Operability,N,2112
100,0,0,0,C,2112,2012,Low Operability,N,2112
101,0,0,0,C,2012,2012,Low Operability,N,2112
102,0,0,0,N,595,2011,Operable,N,595
103,0,0,0,C,595,2011,Operable,N,595
104,0,0,0,C,2011,2011,Operable,N,595
105,0,0,0,N,679,2021,Operable,N,679
106,0,0,0,C,679,2021,Operable,N,679
107,0,0,0,C,2021,2021,Operable,N,679
108,0,0,0,N,679,2011,Operable,N,679
109,0,0,0,C,679,2011,Operable,N,679
110,0,0,0,C,2011,2011,Operable,N,679
111,0,0,0,N,689,689,Reserve,N,689
112,0,0,0,N,405,405,Reserve,N,405
113,0,0,0,N,426,426,Reserve,N,426
114,0,0,0,N,497,2021,Low Operability,N,497
115,0,0,0,C,497,2021,Low Operability,N,497
116,0,0,0,C,2021,2021,Low Operability,N,497
117,0,0,0,N,425,425,Reserve,N,425
118,0,0,0,N,646,2021,Low Operability,N,646
119,0,0,0,C,646,2021,Low Operability,N,646
120,0,0,0,C,2021,2021,Low Operability,N,646
121,0,0,0,N,641,641,Riparian,N,641
122,0,0,0,N,500,2011,Low Operability,N,500
123,0,0,0,C,500,2011,Low Operability,N,500
124,0,0,0,C,2011,2011,Low Operability,N,500
125,0,0,0,N,601,2021,Operable,N,601
126,0,0,0,C,601,2021,Operable,N,601
127,0,0,0,C,2021,2021,Operable,N,601
128,0,0,0,N,1019,2011,Operable,N,1019
129,0,0,0,C,1019,2011,Operable,N,1019
130,0,0,0,C,2011,2011,Operable,N,1019
131,0,0,0,N,356,2001,Operable,N,356
132,0,0,0,C,356,2001,Operable,N,356
133,0,0,0,C,2001,2001,Operable,N,356
134,0,0,0,N,1042,1042,Reserve,N,1042
135,0,0,0,N,644,2021,Low Operability,N,644
136,0,0,0,C,644,2021,Low Operability,N,644
137,0,0,0,C,2021,2021,Low Operability,N,644
138,0,0,0,N,418,418,Reserve,N,418
139,0,0,0,N,59,59,Reserve,N,59
140,0,0,0,N,157,2021,Operable,N,157
141,0,0,0,C,157,2021,Operable,N,157
142,0,0,0,C,2021,2021,Operable,N,157
143,0,0,0,N,159,2021,Operable,N,159
144,0,0,0,C,159,2021,Operable,N,159
145,0,0,0,C,2021,2021,Operable,N,159
146,0,0,0,N,221,2011,Operable,N,221
147,0,0,0,C,221,2011,Operable,N,221
148,0,0,0,C,2011,2011,Operable,N,221
149,0,0,0,N,566,2021,Operable,N,566
150,0,0,0,C,566,2021,Operable,N,566
151,0,0,0,C,2021,2021,Operable,N,566
152,0,0,0,N,2121,683,Reserve,N,2121
153,0,0,0,N,145,2011,Operable,N,145
154,0,0,0,C,145,2011,Operable,N,145
155,0,0,0,C,2011,2011,Operable,N,145
156,0,0,0,N,381,381,Reserve,N,381
157,0,0,0,N,1032,2001,Operable,N,1032
158,0,0,0,C,1032,2001,Operable,N,1032
159,0,0,0,C,2001,2001,Operable,N,1032
160,0,0,0,N,521,2021,Operable,N,521
161,0,0,0,C,521,2021,Operable,N,521
162,0,0,0,C,2021,2021,Operable,N,521
163,0,0,0,N,694,2021,Operable,N,694
164,0,0,0,C,694,2021,Operable,N,694
165,0,0,0,C,2021,2021,Operable,N,694
166,0,0,0,N,350,2021,Operable,N,350
167,0,0,0,C,350,2021,Operable,N,350
168,0,0,0,C,2021,2021,Operable,N,350
169,0,0,0,N,404,404,Reserve,N,404
170,0,0,0,N,594,2021,Operable,N,594
171,0,0,0,C,594,2021,Operable,N,594
172,0,0,0,C,2021,2021,Operable,N,594
173,0,0,0,N,639,2021,Low Operability,N,639
174,0,0,0,C,639,2021,Low Operability,N,639
175,0,0,0,C,2021,2021,Low Operability,N,639
176,0,0,0,N,406,406,Reserve,N,406
177,0,0,0,N,407,407,Reserve,N,407
178,0,0,0,N,410,410,Reserve,N,410
179,0,0,0,N,640,2011,Low Operability,N,640
180,0,0,0,C,640,2011,Low Operability,N,640
181,0,0,0,C,2011,2011,Low Operability,N,640
182,0,0,0,N,904,904,Reserve,N,904
183,0,0,0,N,977,2001,Operable,N,977
184,0,0,0,C,977,2001,Operable,N,977
185,0,0,0,C,2001,2001,Operable,N,977
186,0,0,0,N,230,2021,Operable,N,230
187,0,0,0,C,230,2021,Operable,N,230
188,0,0,0,C,2021,2021,Operable,N,230
189,0,0,0,N,243,2021,Operable,N,243
190,0,0,0,C,243,2021,Operable,N,243
191,0,0,0,C,2021,2021,Operable,N,243
192,0,0,0,N,416,416,Reserve,N,416
193,0,0,0,N,527,2011,Operable,N,527
194,0,0,0,C,527,2011,Operable,N,527
195,0,0,0,C,2011,2011,Operable,N,527
196,0,0,0,N,556,2011,Low Operability,N,556
197,0,0,0,C,556,2011,Low Operability,N,556
198,0,0,0,C,2011,2011,Low Operability,N,556
199,0,0,0,N,602,2011,Operable,N,602
200,0,0,0,C,602,2011,Operable,N,602
201,0,0,0,C,2011,2011,Operable,N,602
202,0,0,0,N,634,2021,Operable,N,634
203,0,0,0,C,634,2021,Operable,N,634
204,0,0,0,C,2021,2021,Operable,N,634
205,0,0,0,N,725,2021,Operable,N,725
206,0,0,0,C,725,2021,Operable,N,725
207,0,0,0,C,2021,2021,Operable,N,725
208,0,0,0,N,151,2021,Operable,N,151
209,0,0,0,C,151,2021,Operable,N,151
210,0,0,0,C,2021,2021,Operable,N,151
211,0,0,0,N,376,2001,Low Operability,N,376
212,0,0,0,C,376,2001,Low Operability,N,376
213,0,0,0,C,2001,2001,Low Operability,N,376
214,0,0,0,N,402,2001,Operable,N,402
215,0,0,0,C,402,2001,Operable,N,402
216,0,0,0,C,2001,2001,Operable,N,402
217,0,0,0,N,480,480,Reserve,N,480
218,0,0,0,N,625,625,Reserve,N,625
219,0,0,0,N,711,2021,Low Operability,N,711
220,0,0,0,C,711,2021,Low Operability,N,711
221,0,0,0,C,2021,2021,Low Operability,N,711
222,0,0,0,N,508,2011,Operable,N,508
223,0,0,0,C,508,2011,Operable,N,508
224,0,0,0,C,2011,2011,Operable,N,508
225,0,0,0,N,542,2001,Operable,N,542
226,0,0,0,C,542,2001,Operable,N,542
227,0,0,0,C,2001,2001,Operable,N,542
228,0,0,0,N,557,2011,Low Operability,N,557
229,0,0,0,C,557,2011,Low Operability,N,557
230,0,0,0,C,2011,2011,Low Operability,N,557
231,0,0,0,N,739,739,Reserve,N,739
232,0,0,0,N,220,2011,Operable,N,220
233,0,0,0,C,220,2011,Operable,N,220
234,0,0,0,C,2011,2011,Operable,N,220
235,0,0,0,N,465,2021,Low Operability,N,465
236,0,0,0,C,465,2021,Low Operability,N,465
237,0,0,0,C,2021,2021,Low Operability,N,465
238,0,0,0,N,604,2011,Operable,N,604
239,0,0,0,C,604,2011,Operable,N,604
240,0,0,0,C,2011,2011,Operable,N,604
241,0,0,0,N,384,2021,Operable,N,384
242,0,0,0,C,384,2021,Operable,N,384
243,0,0,0,C,2021,2021,Operable,N,384
244,0,0,0,N,399,399,Reserve,N,399
245,0,0,0,N,543,2001,Operable,N,543
246,0,0,0,C,543,2001,Operable,N,543
247,0,0,0,C,2001,2001,Operable,N,543
248,0,0,0,N,666,2011,Low Operability,N,666
249,0,0,0,C,666,2011,Low Operability,N,666
250,0,0,0,C,2011,2011,Low Operability,N,666
251,0,0,0,N,759,2011,Low Operability,N,759
252,0,0,0,C,759,2011,Low Operability,N,759
253,0,0,0,C,2011,2011,Low Operability,N,759
254,0,0,0,N,762,2011,Low Operability,N,762
255,0,0,0,C,762,2011,Low Operability,N,762
256,0,0,0,C,2011,2011,Low Operability,N,762
257,0,0,0,N,765,765,Reserve,N,765
258,0,0,0,N,51,2021,Operable,N,51
259,0,0,0,C,51,2021,Operable,N,51
260,0,0,0,C,2021,2021,Operable,N,51
261,0,0,0,N,419,419,Reserve,N,419
262,0,0,0,N,468,468,Reserve,N,468
263,0,0,0,N,630,2001,Low Operability,N,630
264,0,0,0,C,630,2001,Low Operability,N,630
265,0,0,0,C,2001,2001,Low Operability,N,630
266,0,0,0,N,650,650,Reserve,N,650
267,0,0,0,N,656,2001,Low Operability,N,656
268,0,0,0,C,656,2001,Low Operability,N,656
269,0,0,0,C,2001,2001,Low Operability,N,656
270,0,0,0,N,684,2011,Operable,N,684
271,0,0,0,C,684,2011,Operable,N,684
272,0,0,0,C,2011,2011,Operable,N,684
273,0,0,0,N,149,2021,Operable,N,149
274,0,0,0,C,149,2021,Operable,N,149
275,0,0,0,C,2021,2021,Operable,N,149
276,0,0,0,N,325,2001,Operable,N,325
277,0,0,0,C,325,2001,Operable,N,325
278,0,0,0,C,2001,2001,Operable,N,325
279,0,0,0,N,643,643,Reserve,N,643
280,0,0,0,N,645,2011,Operable,N,645
281,0,0,0,C,645,2011,Operable,N,645
282,0,0,0,C,2011,2011,Operable,N,645
283,0,0,0,N,2111,781,Reserve,N,2111
284,0,0,0,N,948,2001,Operable,N,948
285,0,0,0,C,948,2001,Operable,N,948
286,0,0,0,C,2001,2001,Operable,N,948
287,0,0,0,N,355,2021,Operable,N,355
288,0,0,0,C,355,2021,Operable,N,355
289,0,0,0,C,2021,2021,Operable,N,355
290,0,0,0,N,558,2011,Low Operability,N,558
291,0,0,0,C,558,2011,Low Operability,N,558
292,0,0,0,C,2011,2011,Low Operability,N,558
293,0,0,0,N,610,2011,Operable,N,610
294,0,0,0,C,610,2011,Operable,N,610
295,0,0,0,C,2011,2011,Operable,N,610
296,0,0,0,N,616,2011,Operable,N,616
297,0,0,0,C,616,2011,Operable,N,616
298,0,0,0,C,2011,2011,Operable,N,616
299,0,0,0,N,814,2001,Operable,N,814
300,0,0,0,C,814,2001,Operable,N,814
301,0,0,0,C,2001,2001,Operable,N,814
302,0,0,0,N,1055,2001,Operable,N,1055
303,0,0,0,C,1055,2001,Operable,N,1055
304,0,0,0,C,2001,2001,Operable,N,1055
305,0,0,0,N,180,2011,Operable,N,180
306,0,0,0,C,180,2011,Operable,N,180
307,0,0,0,C,2011,2011,Operable,N,180
308,0,0,0,N,415,415,Reserve,N,415
309,0,0,0,N,450,2021,Operable,N,450
310,0,0,0,C,450,2021,Operable,N,450
311,0,0,0,C,2021,2021,Operable,N,450
312,0,0,0,N,624,624,Reserve,N,624
313,0,0,0,N,2121,691,Riparian,N,2121
314,0,0,0,N,894,894,Reserve,N,894
315,0,0,0,N,980,2001,Operable,N,980
316,0,0,0,C,980,2001,Operable,N,980
317,0,0,0,C,2001,2001,Operable,N,980
318,0,0,0,N,150,2021,Operable,N,150
319,0,0,0,C,150,2021,Operable,N,150
320,0,0,0,C,2021,2021,Operable,N,150
321,0,0,0,N,559,2011,Low Operability,N,559
322,0,0,0,C,559,2011,Low Operability,N,559
323,0,0,0,C,2011,2011,Low Operability,N,559
324,0,0,0,N,210,2001,Operable,N,210
325,0,0,0,C,210,2001,Operable,N,210
326,0,0,0,C,2001,2001,Operable,N,210
327,0,0,0,N,629,2001,Low Operability,N,629
328,0,0,0,C,629,2001,Low Operability,N,629
329,0,0,0,C,2001,2001,Low Operability,N,629
330,0,0,0,N,522,2022,Operable,Y,522
331,0,0,0,C,522,2022,Operable,Y,522
332,0,0,0,C,2022,2022,Operable,Y,522
334,0,0,0,C,thn_2022,2022,Operable,Y,522
333,0,0,0,C,thn_522,2022,Operable,Y,522
335,0,0,0,N,682,682,Reserve,N,682
336,0,0,0,N,717,717,Reserve,N,717
337,0,0,0,N,2101,214,Reserve,N,2101
338,0,0,0,N,769,2002,Operable,Y,769
339,0,0,0,C,769,2002,Operable,Y,769
340,0,0,0,C,2002,2002,Operable,Y,769
342,0,0,0,C,thn_2002,2002,Operable,Y,769
341,0,0,0,C,thn_769,2002,Operable,Y,769
343,0,0,0,N,392,2022,Operable,Y,392
344,0,0,0,C,392,2022,Operable,Y,392
345,0,0,0,C,2022,2022,Operable,Y,392
347,0,0,0,C,thn_2022,2022,Operable,Y,392
346,0,0,0,C,thn_392,2022,Operable,Y,392
348,0,0,0,N,398,2002,Operable,Y,398
349,0,0,0,C,398,2002,Operable,Y,398
350,0,0,0,C,2002,2002,Operable,Y,398
352,0,0,0,C,thn_2002,2002,Operable,Y,398
351,0,0,0,C,thn_398,2002,Operable,Y,398
353,0,0,0,N,473,473,Reserve,N,473
354,0,0,0,N,565,2012,Operable,Y,565
355,0,0,0,C,565,2012,Operable,Y,565
356,0,0,0,C,2012,2012,Operable,Y,565
358,0,0,0,C,thn_2012,2012,Operable,Y,565
357,0,0,0,C,thn_565,2012,Operable,Y,565
359,0,0,0,N,620,2002,Low Operability,N,620
360,0,0,0,C,620,2002,Low Operability,N,620
361,0,0,0,C,2002,2002,Low Operability,N,620
362,0,0,0,N,700,2022,Operable,Y,700
363,0,0,0,C,700,2022,Operable,Y,700
364,0,0,0,C,2022,2022,Operable,Y,700
366,0,0,0,C,thn_2022,2022,Operable,Y,700
365,0,0,0,C,thn_700,2022,Operable,Y,700
367,0,0,0,N,397,2002,Operable,Y,397
368,0,0,0,C,397,2002,Operable,Y,397
369,0,0,0,C,2002,2002,Operable,Y,397
371,0,0,0,C,thn_2002,2002,Operable,Y,397
370,0,0,0,C,thn_397,2002,Operable,Y,397
372,0,0,0,N,466,2022,Low Operability,N,466
373,0,0,0,C,466,2022,Low Operability,N,466
374,0,0,0,C,2022,2022,Low Operability,N,466
375,0,0,0,N,520,2022,Operable,Y,520
376,0,0,0,C,520,2022,Operable,Y,520
377,0,0,0,C,2022,2022,Operable,Y,520
379,0,0,0,C,thn_2022,2022,Operable,Y,520
378,0,0,0,C,thn_520,2022,Operable,Y,520
380,0,0,0,N,533,2002,Low Operability,N,533
381,0,0,0,C,533,2002,Low Operability,N,533
382,0,0,0,C,2002,2002,Low Operability,N,533
383,0,0,0,N,635,2012,Operable,Y,635
384,0,0,0,C,635,2012,Operable,Y,635
385,0,0,0,C,2012,2012,Operable,Y,635
387,0,0,0,C,thn_2012,2012,Operable,Y,635
386,0,0,0,C,thn_635,2012,Operable,Y,635
388,0,0,0,N,649,2012,Operable,Y,649
389,0,0,0,C,649,2012,Operable,Y,649
390,0,0,0,C,2012,2012,Operable,Y,649
392,0,0,0,C,thn_2012,2012,Operable,Y,649
391,0,0,0,C,thn_649,2012,Operable,Y,649
393,0,0,0,N,654,2012,Operable,Y,654
394,0,0,0,C,654,2012,Operable,Y,654
395,0,0,0,C,2012,2012,Operable,Y,654
397,0,0,0,C,thn_2012,2012,Operable,Y,654
396,0,0,0,C,thn_654,2012,Operable,Y,654
398,0,0,0,N,617,617,Reserve,N,617
399,0,0,0,N,652,652,Reserve,N,652
400,0,0,0,N,657,2002,Low Operability,N,657
401,0,0,0,C,657,2002,Low Operability,N,657
402,0,0,0,C,2002,2002,Low Operability,N,657
403,0,0,0,N,755,2022,Operable,Y,755
404,0,0,0,C,755,2022,Operable,Y,755
405,0,0,0,C,2022,2022,Operable,Y,755
407,0,0,0,C,thn_2022,2022,Operable,Y,755
406,0,0,0,C,thn_755,2022,Operable,Y,755
408,0,0,0,N,853,2002,Operable,Y,853
409,0,0,0,C,853,2002,Operable,Y,853
410,0,0,0,C,2002,2002,Operable,Y,853
412,0,0,0,C,thn_2002,2002,Operable,Y,853
411,0,0,0,C,thn_853,2002,Operable,Y,853
413,0,0,0,N,802,2002,Operable,Y,802
414,0,0,0,C,802,2002,Operable,Y,802
415,0,0,0,C,2002,2002,Operable,Y,802
417,0,0,0,C,thn_2002,2002,Operable,Y,802
416,0,0,0,C,thn_802,2002,Operable,Y,802
418,0,0,0,N,229,229,Reserve,N,229
419,0,0,0,N,529,2012,Operable,Y,529
420,0,0,0,C,529,2012,Operable,Y,529
421,0,0,0,C,2012,2012,Operable,Y,529
423,0,0,0,C,thn_2012,2012,Operable,Y,529
422,0,0,0,C,thn_529,2012,Operable,Y,529
424,0,0,0,N,544,2002,Operable,Y,544
425,0,0,0,C,544,2002,Operable,Y,544
426,0,0,0,C,2002,2002,Operable,Y,544
428,0,0,0,C,thn_2002,2002,Operable,Y,544
427,0,0,0,C,thn_544,2002,Operable,Y,544
429,0,0,0,N,567,2022,Operable,Y,567
430,0,0,0,C,567,2022,Operable,Y,567
431,0,0,0,C,2022,2022,Operable,Y,567
433,0,0,0,C,thn_2022,2022,Operable,Y,567
432,0,0,0,C,thn_567,2022,Operable,Y,567
434,0,0,0,N,941,941,Reserve,N,941
435,0,0,0,N,2111,723,Reserve,N,2111
436,0,0,0,N,272,2012,Operable,Y,272
437,0,0,0,C,272,2012,Operable,Y,272
438,0,0,0,C,2012,2012,Operable,Y,272
440,0,0,0,C,thn_2012,2012,Operable,Y,272
439,0,0,0,C,thn_272,2012,Operable,Y,272
441,0,0,0,N,460,2022,Operable,Y,460
442,0,0,0,C,460,2022,Operable,Y,460
443,0,0,0,C,2022,2022,Operable,Y,460
445,0,0,0,C,thn_2022,2022,Operable,Y,460
444,0,0,0,C,thn_460,2022,Operable,Y,460
446,0,0,0,N,493,2012,Operable,Y,493
447,0,0,0,C,493,2012,Operable,Y,493
448,0,0,0,C,2012,2012,Operable,Y,493
450,0,0,0,C,thn_2012,2012,Operable,Y,493
449,0,0,0,C,thn_493,2012,Operable,Y,493
451,0,0,0,N,505,2012,Operable,Y,505
452,0,0,0,C,505,2012,Operable,Y,505
453,0,0,0,C,2012,2012,Operable,Y,505
455,0,0,0,C,thn_2012,2012,Operable,Y,505
454,0,0,0,C,thn_505,2012,Operable,Y,505
456,0,0,0,N,552,2012,Low Operability,N,552
457,0,0,0,C,552,2012,Low Operability,N,552
458,0,0,0,C,2012,2012,Low Operability,N,552
459,0,0,0,N,637,2012,Low Operability,N,637
460,0,0,0,C,637,2012,Low Operability,N,637
461,0,0,0,C,2012,2012,Low Operability,N,637
462,0,0,0,N,764,2012,Operable,Y,764
463,0,0,0,C,764,2012,Operable,Y,764
464,0,0,0,C,2012,2012,Operable,Y,764
466,0,0,0,C,thn_2012,2012,Operable,Y,764
465,0,0,0,C,thn_764,2012,Operable,Y,764
467,0,0,0,N,957,2002,Operable,Y,957
468,0,0,0,C,957,2002,Operable,Y,957
469,0,0,0,C,2002,2002,Operable,Y,957
471,0,0,0,C,thn_2002,2002,Operable,Y,957
470,0,0,0,C,thn_957,2002,Operable,Y,957
472,0,0,0,N,569,2022,Operable,Y,569
473,0,0,0,C,569,2022,Operable,Y,569
474,0,0,0,C,2022,2022,Operable,Y,569
476,0,0,0,C,thn_2022,2022,Operable,Y,569
475,0,0,0,C,thn_569,2022,Operable,Y,569
477,0,0,0,N,200,2002,Operable,Y,200
478,0,0,0,C,200,2002,Operable,Y,200
479,0,0,0,C,2002,2002,Operable,Y,200
481,0,0,0,C,thn_2002,2002,Operable,Y,200
480,0,0,0,C,thn_200,2002,Operable,Y,200
482,0,0,0,N,213,2002,Operable,Y,213
483,0,0,0,C,213,2002,Operable,Y,213
484,0,0,0,C,2002,2002,Operable,Y,213
486,0,0,0,C,thn_2002,2002,Operable,Y,213
485,0,0,0,C,thn_213,2002,Operable,Y,213
487,0,0,0,N,380,2012,Operable,Y,380
488,0,0,0,C,380,2012,Operable,Y,380
489,0,0,0,C,2012,2012,Operable,Y,380
491,0,0,0,C,thn_2012,2012,Operable,Y,380
490,0,0,0,C,thn_380,2012,Operable,Y,380
492,0,0,0,N,423,423,Reserve,N,423
493,0,0,0,N,560,2012,Low Operability,N,560
494,0,0,0,C,560,2012,Low Operability,N,560
495,0,0,0,C,2012,2012,Low Operability,N,560
496,0,0,0,N,603,2012,Operable,Y,603
497,0,0,0,C,603,2012,Operable,Y,603
498,0,0,0,C,2012,2012,Operable,Y,603
500,0,0,0,C,thn_2012,2012,Operable,Y,603
499,0,0,0,C,thn_603,2012,Operable,Y,603
501,0,0,0,N,642,642,Reserve,N,642
502,0,0,0,N,743,743,Reserve,N,743
503,0,0,0,N,771,2012,Operable,Y,771
504,0,0,0,C,771,2012,Operable,Y,771
505,0,0,0,C,2012,2012,Operable,Y,771
507,0,0,0,C,thn_2012,2012,Operable,Y,771
506,0,0,0,C,thn_771,2012,Operable,Y,771
508,0,0,0,N,961,2002,Operable,Y,961
509,0,0,0,C,961,2002,Operable,Y,961
510,0,0,0,C,2002,2002,Operable,Y,961
512,0,0,0,C,thn_2002,2002,Operable,Y,961
511,0,0,0,C,thn_961,2002,Operable,Y,961
513,0,0,0,N,2102,2002,Operable,Y,2102
514,0,0,0,C,2102,2002,Operable,Y,2102
515,0,0,0,C,2002,2002,Operable,Y,2102
517,0,0,0,C,thn_2002,2002,Operable,Y,2102
516,0,0,0,C,thn_2102,2002,Operable,Y,2102
518,0,0,0,N,2121,74,Reserve,N,2121
519,0,0,0,N,403,2002,Operable,Y,403
520,0,0,0,C,403,2002,Operable,Y,403
521,0,0,0,C,2002,2002,Operable,Y,403
523,0,0,0,C,thn_2002,2002,Operable,Y,403
522,0,0,0,C,thn_403,2002,Operable,Y,403
524,0,0,0,N,412,412,Reserve,N,412
525,0,0,0,N,431,2012,Operable,Y,431
526,0,0,0,C,431,2012,Operable,Y,431
527,0,0,0,C,2012,2012,Operable,Y,431
529,0,0,0,C,thn_2012,2012,Operable,Y,431
528,0,0,0,C,thn_431,2012,Operable,Y,431
530,0,0,0,N,615,2012,Operable,Y,615
531,0,0,0,C,615,2012,Operable,Y,615
532,0,0,0,C,2012,2012,Operable,Y,615
534,0,0,0,C,thn_2012,2012,Operable,Y,615
533,0,0,0,C,thn_615,2012,Operable,Y,615
535,0,0,0,N,621,621,Reserve,N,621
536,0,0,0,N,712,2012,Operable,Y,712
537,0,0,0,C,712,2012,Operable,Y,712
538,0,0,0,C,2012,2012,Operable,Y,712
540,0,0,0,C,thn_2012,2012,Operable,Y,712
539,0,0,0,C,thn_712,2012,Operable,Y,712
541,0,0,0,N,860,2002,Operable,Y,860
542,0,0,0,C,860,2002,Operable,Y,860
543,0,0,0,C,2002,2002,Operable,Y,860
545,0,0,0,C,thn_2002,2002,Operable,Y,860
544,0,0,0,C,thn_860,2002,Operable,Y,860
546,0,0,0,N,93,2012,Operable,Y,93
547,0,0,0,C,93,2012,Operable,Y,93
548,0,0,0,C,2012,2012,Operable,Y,93
550,0,0,0,C,thn_2012,2012,Operable,Y,93
549,0,0,0,C,thn_93,2012,Operable,Y,93
551,0,0,0,N,105,2012,Operable,Y,105
552,0,0,0,C,105,2012,Operable,Y,105
553,0,0,0,C,2012,2012,Operable,Y,105
555,0,0,0,C,thn_2012,2012,Operable,Y,105
554,0,0,0,C,thn_105,2012,Operable,Y,105
556,0,0,0,N,825,2002,Operable,Y,825
557,0,0,0,C,825,2002,Operable,Y,825
558,0,0,0,C,2002,2002,Operable,Y,825
560,0,0,0,C,thn_2002,2002,Operable,Y,825
559,0,0,0,C,thn_825,2002,Operable,Y,825
561,0,0,0,N,622,622,Reserve,N,622
562,0,0,0,N,1036,1036,Reserve,N,1036
563,0,0,0,N,31,2012,Operable,Y,31
564,0,0,0,C,31,2012,Operable,Y,31
565,0,0,0,C,2012,2012,Operable,Y,31
567,0,0,0,C,thn_2012,2012,Operable,Y,31
566,0,0,0,C,thn_31,2012,Operable,Y,31
568,0,0,0,N,129,2022,Operable,Y,129
569,0,0,0,C,129,2022,Operable,Y,129
570,0,0,0,C,2022,2022,Operable,Y,129
572,0,0,0,C,thn_2022,2022,Operable,Y,129
571,0,0,0,C,thn_129,2022,Operable,Y,129
573,0,0,0,N,218,2012,Operable,Y,218
574,0,0,0,C,218,2012,Operable,Y,218
575,0,0,0,C,2012,2012,Operable,Y,218
577,0,0,0,C,thn_2012,2012,Operable,Y,218
576,0,0,0,C,thn_218,2012,Operable,Y,218
578,0,0,0,N,446,2022,Operable,Y,446
579,0,0,0,C,446,2022,Operable,Y,446
580,0,0,0,C,2022,2022,Operable,Y,446
582,0,0,0,C,thn_2022,2022,Operable,Y,446
581,0,0,0,C,thn_446,2022,Operable,Y,446
583,0,0,0,N,454,454,Riparian,N,454
584,0,0,0,N,469,2022,Operable,Y,469
585,0,0,0,C,469,2022,Operable,Y,469
586,0,0,0,C,2022,2022,Operable,Y,469
588,0,0,0,C,thn_2022,2022,Operable,Y,469
587,0,0,0,C,thn_469,2022,Operable,Y,469
589,0,0,0,N,525,525,Reserve,N,525
590,0,0,0,N,572,2022,Low Operability,N,572
591,0,0,0,C,572,2022,Low Operability,N,572
592,0,0,0,C,2022,2022,Low Operability,N,572
593,0,0,0,N,631,2002,Low Operability,N,631
594,0,0,0,C,631,2002,Low Operability,N,631
595,0,0,0,C,2002,2002,Low Operability,N,631
596,0,0,0,N,964,2002,Operable,Y,964
597,0,0,0,C,964,2002,Operable,Y,964
598,0,0,0,C,2002,2002,Operable,Y,964
600,0,0,0,C,thn_2002,2002,Operable,Y,964
599,0,0,0,C,thn_964,2002,Operable,Y,964
601,0,0,0,N,966,2002,Operable,Y,966
602,0,0,0,C,966,2002,Operable,Y,966
603,0,0,0,C,2002,2002,Operable,Y,966
605,0,0,0,C,thn_2002,2002,Operable,Y,966
604,0,0,0,C,thn_966,2002,Operable,Y,966
606,0,0,0,N,2101,993,Reserve,N,2101
607,0,0,0,N,2101,999,Reserve,N,2101
608,0,0,0,N,1022,2022,Low Operability,N,1022
609,0,0,0,C,1022,2022,Low Operability,N,1022
610,0,0,0,C,2022,2022,Low Operability,N,1022
611,0,0,0,N,963,2002,Operable,Y,963
612,0,0,0,C,963,2002,Operable,Y,963
613,0,0,0,C,2002,2002,Operable,Y,963
615,0,0,0,C,thn_2002,2002,Operable,Y,963
614,0,0,0,C,thn_963,2002,Operable,Y,963
616,0,0,0,N,84,2012,Operable,Y,84
617,0,0,0,C,84,2012,Operable,Y,84
618,0,0,0,C,2012,2012,Operable,Y,84
620,0,0,0,C,thn_2012,2012,Operable,Y,84
619,0,0,0,C,thn_84,2012,Operable,Y,84
621,0,0,0,N,102,2012,Operable,Y,102
622,0,0,0,C,102,2012,Operable,Y,102
623,0,0,0,C,2012,2012,Operable,Y,102
625,0,0,0,C,thn_2012,2012,Operable,Y,102
624,0,0,0,C,thn_102,2012,Operable,Y,102
626,0,0,0,N,307,2012,Operable,Y,307
627,0,0,0,C,307,2012,Operable,Y,307
628,0,0,0,C,2012,2012,Operable,Y,307
630,0,0,0,C,thn_2012,2012,Operable,Y,307
629,0,0,0,C,thn_307,2012,Operable,Y,307
631,0,0,0,N,430,2012,Operable,Y,430
632,0,0,0,C,430,2012,Operable,Y,430
633,0,0,0,C,2012,2012,Operable,Y,430
635,0,0,0,C,thn_2012,2012,Operable,Y,430
634,0,0,0,C,thn_430,2012,Operable,Y,430
636,0,0,0,N,492,2002,Low Operability,N,492
637,0,0,0,C,492,2002,Low Operability,N,492
638,0,0,0,C,2002,2002,Low Operability,N,492
639,0,0,0,N,2122,2022,Low Operability,N,2122
640,0,0,0,C,2122,2022,Low Operability,N,2122
641,0,0,0,C,2022,2022,Low Operability,N,2122
642,0,0,0,N,555,2012,Operable,Y,555
643,0,0,0,C,555,2012,Operable,Y,555
644,0,0,0,C,2012,2012,Operable,Y,555
646,0,0,0,C,thn_2012,2012,Operable,Y,555
645,0,0,0,C,thn_555,2012,Operable,Y,555
647,0,0,0,N,609,2012,Operable,Y,609
648,0,0,0,C,609,2012,Operable,Y,609
649,0,0,0,C,2012,2012,Operable,Y,609
651,0,0,0,C,thn_2012,2012,Operable,Y,609
650,0,0,0,C,thn_609,2012,Operable,Y,609
652,0,0,0,N,614,2012,Operable,Y,614
653,0,0,0,C,614,2012,Operable,Y,614
654,0,0,0,C,2012,2012,Operable,Y,614
656,0,0,0,C,thn_2012,2012,Operable,Y,614
655,0,0,0,C,thn_614,2012,Operable,Y,614
657,0,0,0,N,710,2012,Low Operability,N,710
658,0,0,0,C,710,2012,Low Operability,N,710
659,0,0,0,C,2012,2012,Low Operability,N,710
660,0,0,0,N,2113,2013,Low Operability,N,2113
661,0,0,0,C,2113,2013,Low Operability,N,2113
662,0,0,0,C,2013,2013,Low Operability,N,2113
663,0,0,0,N,777,2022,Operable,Y,777
664,0,0,0,C,777,2022,Operable,Y,777
665,0,0,0,C,2022,2022,Operable,Y,777
667,0,0,0,C,thn_2022,2022,Operable,Y,777
666,0,0,0,C,thn_777,2022,Operable,Y,777
668,0,0,0,N,906,2022,Operable,Y,906
669,0,0,0,C,906,2022,Operable,Y,906
670,0,0,0,C,2022,2022,Operable,Y,906
672,0,0,0,C,thn_2022,2022,Operable,Y,906
671,0,0,0,C,thn_906,2022,Operable,Y,906
673,0,0,0,N,1045,2012,Low Operability,N,1045
674,0,0,0,C,1045,2012,Low Operability,N,1045
675,0,0,0,C,2012,2012,Low Operability,N,1045
676,0,0,0,N,155,2022,Operable,Y,155
677,0,0,0,C,155,2022,Operable,Y,155
678,0,0,0,C,2022,2022,Operable,Y,155
680,0,0,0,C,thn_2022,2022,Operable,Y,155
679,0,0,0,C,thn_155,2022,Operable,Y,155
681,0,0,0,N,379,2012,Operable,Y,379
682,0,0,0,C,379,2012,Operable,Y,379
683,0,0,0,C,2012,2012,Operable,Y,379
685,0,0,0,C,thn_2012,2012,Operable,Y,379
684,0,0,0,C,thn_379,2012,Operable,Y,379
686,0,0,0,N,506,2012,Operable,Y,506
687,0,0,0,C,506,2012,Operable,Y,506
688,0,0,0,C,2012,2012,Operable,Y,506
690,0,0,0,C,thn_2012,2012,Operable,Y,506
689,0,0,0,C,thn_506,2012,Operable,Y,506
691,0,0,0,N,507,2012,Operable,Y,507
692,0,0,0,C,507,2012,Operable,Y,507
693,0,0,0,C,2012,2012,Operable,Y,507
695,0,0,0,C,thn_2012,2012,Operable,Y,507
694,0,0,0,C,thn_507,2012,Operable,Y,507
696,0,0,0,N,553,2012,Low Operability,N,553
697,0,0,0,C,553,2012,Low Operability,N,553
698,0,0,0,C,2012,2012,Low Operability,N,553
699,0,0,0,N,703,2012,Operable,Y,703
700,0,0,0,C,703,2012,Operable,Y,703
701,0,0,0,C,2012,2012,Operable,Y,703
703,0,0,0,C,thn_2012,2012,Operable,Y,703
702,0,0,0,C,thn_703,2012,Operable,Y,703
704,0,0,0,N,706,2012,Operable,Y,706
705,0,0,0,C,706,2012,Operable,Y,706
706,0,0,0,C,2012,2012,Operable,Y,706
708,0,0,0,C,thn_2012,2012,Operable,Y,706
707,0,0,0,C,thn_706,2012,Operable,Y,706
709,0,0,0,N,960,2002,Operable,Y,960
710,0,0,0,C,960,2002,Operable,Y,960
711,0,0,0,C,2002,2002,Operable,Y,960
713,0,0,0,C,thn_2002,2002,Operable,Y,960
712,0,0,0,C,thn_960,2002,Operable,Y,960
714,0,0,0,N,747,2002,Operable,Y,747
715,0,0,0,C,747,2002,Operable,Y,747
716,0,0,0,C,2002,2002,Operable,Y,747
718,0,0,0,C,thn_2002,2002,Operable,Y,747
717,0,0,0,C,thn_747,2002,Operable,Y,747
719,0,0,0,N,909,2002,Operable,Y,909
720,0,0,0,C,909,2002,Operable,Y,909
721,0,0,0,C,2002,2002,Operable,Y,909
723,0,0,0,C,thn_2002,2002,Operable,Y,909
722,0,0,0,C,thn_909,2002,Operable,Y,909
724,0,0,0,N,395,2002,Operable,Y,395
725,0,0,0,C,395,2002,Operable,Y,395
726,0,0,0,C,2002,2002,Operable,Y,395
728,0,0,0,C,thn_2002,2002,Operable,Y,395
727,0,0,0,C,thn_395,2002,Operable,Y,395
729,0,0,0,N,606,2012,Operable,Y,606
730,0,0,0,C,606,2012,Operable,Y,606
731,0,0,0,C,2012,2012,Operable,Y,606
733,0,0,0,C,thn_2012,2012,Operable,Y,606
732,0,0,0,C,thn_606,2012,Operable,Y,606
734,0,0,0,N,663,2012,Operable,Y,663
735,0,0,0,C,663,2012,Operable,Y,663
736,0,0,0,C,2012,2012,Operable,Y,663
738,0,0,0,C,thn_2012,2012,Operable,Y,663
737,0,0,0,C,thn_663,2012,Operable,Y,663
739,0,0,0,N,716,2012,Operable,Y,716
740,0,0,0,C,716,2012,Operable,Y,716
741,0,0,0,C,2012,2012,Operable,Y,716
743,0,0,0,C,thn_2012,2012,Operable,Y,716
742,0,0,0,C,thn_716,2012,Operable,Y,716
744,0,0,0,N,2121,741,Riparian,N,2121
745,0,0,0,N,1017,2012,Operable,Y,1017
746,0,0,0,C,1017,2012,Operable,Y,1017
747,0,0,0,C,2012,2012,Operable,Y,1017
749,0,0,0,C,thn_2012,2012,Operable,Y,1017
748,0,0,0,C,thn_1017,2012,Operable,Y,1017
750,0,0,0,N,1017,1017,Reserve,N,1017
751,0,0,0,N,1037,1037,Reserve,N,1037
752,0,0,0,N,24,2002,Operable,Y,24
753,0,0,0,C,24,2002,Operable,Y,24
754,0,0,0,C,2002,2002,Operable,Y,24
756,0,0,0,C,thn_2002,2002,Operable,Y,24
755,0,0,0,C,thn_24,2002,Operable,Y,24
757,0,0,0,N,104,2012,Operable,Y,104
758,0,0,0,C,104,2012,Operable,Y,104
759,0,0,0,C,2012,2012,Operable,Y,104
761,0,0,0,C,thn_2012,2012,Operable,Y,104
760,0,0,0,C,thn_104,2012,Operable,Y,104
762,0,0,0,N,209,2002,Operable,Y,209
763,0,0,0,C,209,2002,Operable,Y,209
764,0,0,0,C,2002,2002,Operable,Y,209
766,0,0,0,C,thn_2002,2002,Operable,Y,209
765,0,0,0,C,thn_209,2002,Operable,Y,209
767,0,0,0,N,216,2012,Operable,Y,216
768,0,0,0,C,216,2012,Operable,Y,216
769,0,0,0,C,2012,2012,Operable,Y,216
771,0,0,0,C,thn_2012,2012,Operable,Y,216
770,0,0,0,C,thn_216,2012,Operable,Y,216
772,0,0,0,N,605,2012,Operable,Y,605
773,0,0,0,C,605,2012,Operable,Y,605
774,0,0,0,C,2012,2012,Operable,Y,605
776,0,0,0,C,thn_2012,2012,Operable,Y,605
775,0,0,0,C,thn_605,2012,Operable,Y,605
777,0,0,0,N,732,2002,Operable,Y,732
778,0,0,0,C,732,2002,Operable,Y,732
779,0,0,0,C,2002,2002,Operable,Y,732
781,0,0,0,C,thn_2002,2002,Operable,Y,732
780,0,0,0,C,thn_732,2002,Operable,Y,732
782,0,0,0,N,733,2022,Operable,Y,733
783,0,0,0,C,733,2022,Operable,Y,733
784,0,0,0,C,2022,2022,Operable,Y,733
786,0,0,0,C,thn_2022,2022,Operable,Y,733
785,0,0,0,C,thn_733,2022,Operable,Y,733
787,0,0,0,N,788,2002,Operable,Y,788
788,0,0,0,C,788,2002,Operable,Y,788
789,0,0,0,C,2002,2002,Operable,Y,788
791,0,0,0,C,thn_2002,2002,Operable,Y,788
790,0,0,0,C,thn_788,2002,Operable,Y,788
792,0,0,0,N,1020,2012,Operable,Y,1020
793,0,0,0,C,1020,2012,Operable,Y,1020
794,0,0,0,C,2012,2012,Operable,Y,1020
796,0,0,0,C,thn_2012,2012,Operable,Y,1020
795,0,0,0,C,thn_1020,2012,Operable,Y,1020
797,0,0,0,N,224,2012,Operable,Y,224
798,0,0,0,C,224,2012,Operable,Y,224
799,0,0,0,C,2012,2012,Operable,Y,224
801,0,0,0,C,thn_2012,2012,Operable,Y,224
800,0,0,0,C,thn_224,2012,Operable,Y,224
802,0,0,0,N,309,2012,Operable,Y,309
803,0,0,0,C,309,2012,Operable,Y,309
804,0,0,0,C,2012,2012,Operable,Y,309
806,0,0,0,C,thn_2012,2012,Operable,Y,309
805,0,0,0,C,thn_309,2012,Operable,Y,309
807,0,0,0,N,353,2002,Operable,Y,353
808,0,0,0,C,353,2002,Operable,Y,353
809,0,0,0,C,2002,2002,Operable,Y,353
811,0,0,0,C,thn_2002,2002,Operable,Y,353
810,0,0,0,C,thn_353,2002,Operable,Y,353
812,0,0,0,N,488,2002,Low Operability,N,488
813,0,0,0,C,488,2002,Low Operability,N,488
814,0,0,0,C,2002,2002,Low Operability,N,488
815,0,0,0,N,626,626,Reserve,N,626
816,0,0,0,N,731,2002,Operable,Y,731
817,0,0,0,C,731,2002,Operable,Y,731
818,0,0,0,C,2002,2002,Operable,Y,731
820,0,0,0,C,thn_2002,2002,Operable,Y,731
819,0,0,0,C,thn_731,2002,Operable,Y,731
821,0,0,0,N,767,2012,Operable,Y,767
822,0,0,0,C,767,2012,Operable,Y,767
823,0,0,0,C,2012,2012,Operable,Y,767
825,0,0,0,C,thn_2012,2012,Operable,Y,767
824,0,0,0,C,thn_767,2012,Operable,Y,767
826,0,0,0,N,378,2012,Operable,Y,378
827,0,0,0,C,378,2012,Operable,Y,378
828,0,0,0,C,2012,2012,Operable,Y,378
830,0,0,0,C,thn_2012,2012,Operable,Y,378
829,0,0,0,C,thn_378,2012,Operable,Y,378
831,0,0,0,N,532,2002,Operable,Y,532
832,0,0,0,C,532,2002,Operable,Y,532
833,0,0,0,C,2002,2002,Operable,Y,532
835,0,0,0,C,thn_2002,2002,Operable,Y,532
834,0,0,0,C,thn_532,2002,Operable,Y,532
836,0,0,0,N,536,2002,Operable,Y,536
837,0,0,0,C,536,2002,Operable,Y,536
838,0,0,0,C,2002,2002,Operable,Y,536
840,0,0,0,C,thn_2002,2002,Operable,Y,536
839,0,0,0,C,thn_536,2002,Operable,Y,536
841,0,0,0,N,547,2012,Operable,Y,547
842,0,0,0,C,547,2012,Operable,Y,547
843,0,0,0,C,2012,2012,Operable,Y,547
845,0,0,0,C,thn_2012,2012,Operable,Y,547
844,0,0,0,C,thn_547,2012,Operable,Y,547
846,0,0,0,N,575,2022,Low Operability,N,575
847,0,0,0,C,575,2022,Low Operability,N,575
848,0,0,0,C,2022,2022,Low Operability,N,575
849,0,0,0,N,699,2012,Operable,Y,699
850,0,0,0,C,699,2012,Operable,Y,699
851,0,0,0,C,2012,2012,Operable,Y,699
853,0,0,0,C,thn_2012,2012,Operable,Y,699
852,0,0,0,C,thn_699,2012,Operable,Y,699
854,0,0,0,N,855,2002,Operable,Y,855
855,0,0,0,C,855,2002,Operable,Y,855
856,0,0,0,C,2002,2002,Operable,Y,855
858,0,0,0,C,thn_2002,2002,Operable,Y,855
857,0,0,0,C,thn_855,2002,Operable,Y,855
859,0,0,0,N,878,878,Reserve,N,878
860,0,0,0,N,893,893,Reserve,N,893
861,0,0,0,N,955,2002,Operable,Y,955
862,0,0,0,C,955,2002,Operable,Y,955
863,0,0,0,C,2002,2002,Operable,Y,955
865,0,0,0,C,thn_2002,2002,Operable,Y,955
864,0,0,0,C,thn_955,2002,Operable,Y,955
866,0,0,0,N,996,2002,Operable,Y,996
867,0,0,0,C,996,2002,Operable,Y,996
868,0,0,0,C,2002,2002,Operable,Y,996
870,0,0,0,C,thn_2002,2002,Operable,Y,996
869,0,0,0,C,thn_996,2002,Operable,Y,996
871,0,0,0,N,1007,2002,Operable,Y,1007
872,0,0,0,C,1007,2002,Operable,Y,1007
873,0,0,0,C,2002,2002,Operable,Y,1007
875,0,0,0,C,thn_2002,2002,Operable,Y,1007
874,0,0,0,C,thn_1007,2002,Operable,Y,1007
876,0,0,0,N,228,228,Reserve,N,228
877,0,0,0,N,2121,411,Reserve,N,2121
878,0,0,0,N,413,413,Reserve,N,413
879,0,0,0,N,2101,842,Reserve,N,2101
880,0,0,0,N,1038,1038,Reserve,N,1038
881,0,0,0,N,217,2012,Operable,Y,217
882,0,0,0,C,217,2012,Operable,Y,217
883,0,0,0,C,2012,2012,Operable,Y,217
885,0,0,0,C,thn_2012,2012,Operable,Y,217
884,0,0,0,C,thn_217,2012,Operable,Y,217
886,0,0,0,N,574,2022,Low Operability,N,574
887,0,0,0,C,574,2022,Low Operability,N,574
888,0,0,0,C,2022,2022,Low Operability,N,574
889,0,0,0,N,1098,2002,Operable,Y,1098
890,0,0,0,C,1098,2002,Operable,Y,1098
891,0,0,0,C,2002,2002,Operable,Y,1098
893,0,0,0,C,thn_2002,2002,Operable,Y,1098
892,0,0,0,C,thn_1098,2002,Operable,Y,1098
894,0,0,0,N,276,2012,Operable,Y,276
895,0,0,0,C,276,2012,Operable,Y,276
896,0,0,0,C,2012,2012,Operable,Y,276
898,0,0,0,C,thn_2012,2012,Operable,Y,276
897,0,0,0,C,thn_276,2012,Operable,Y,276
899,0,0,0,N,308,2012,Operable,Y,308
900,0,0,0,C,308,2012,Operable,Y,308
901,0,0,0,C,2012,2012,Operable,Y,308
903,0,0,0,C,thn_2012,2012,Operable,Y,308
902,0,0,0,C,thn_308,2012,Operable,Y,308
904,0,0,0,N,503,2012,Operable,Y,503
905,0,0,0,C,503,2012,Operable,Y,503
906,0,0,0,C,2012,2012,Operable,Y,503
908,0,0,0,C,thn_2012,2012,Operable,Y,503
907,0,0,0,C,thn_503,2012,Operable,Y,503
909,0,0,0,N,890,890,Reserve,N,890
910,0,0,0,N,942,942,Reserve,N,942
911,0,0,0,N,967,2002,Operable,Y,967
912,0,0,0,C,967,2002,Operable,Y,967
913,0,0,0,C,2002,2002,Operable,Y,967
915,0,0,0,C,thn_2002,2002,Operable,Y,967
914,0,0,0,C,thn_967,2002,Operable,Y,967
916,0,0,0,N,973,2002,Operable,Y,973
917,0,0,0,C,973,2002,Operable,Y,973
918,0,0,0,C,2002,2002,Operable,Y,973
920,0,0,0,C,thn_2002,2002,Operable,Y,973
919,0,0,0,C,thn_973,2002,Operable,Y,973
921,0,0,0,N,979,2002,Operable,Y,979
922,0,0,0,C,979,2002,Operable,Y,979
923,0,0,0,C,2002,2002,Operable,Y,979
925,0,0,0,C,thn_2002,2002,Operable,Y,979
924,0,0,0,C,thn_979,2002,Operable,Y,979
926,0,0,0,N,982,2002,Operable,Y,982
927,0,0,0,C,982,2002,Operable,Y,982
928,0,0,0,C,2002,2002,Operable,Y,982
930,0,0,0,C,thn_2002,2002,Operable,Y,982
929,0,0,0,C,thn_982,2002,Operable,Y,982
931,0,0,0,N,377,2012,Operable,Y,377
932,0,0,0,C,377,2012,Operable,Y,377
933,0,0,0,C,2012,2012,Operable,Y,377
935,0,0,0,C,thn_2012,2012,Operable,Y,377
934,0,0,0,C,thn_377,2012,Operable,Y,377
936,0,0,0,N,484,2022,Operable,Y,484
937,0,0,0,C,484,2022,Operable,Y,484
938,0,0,0,C,2022,2022,Operable,Y,484
940,0,0,0,C,thn_2022,2022,Operable,Y,484
939,0,0,0,C,thn_484,2022,Operable,Y,484
941,0,0,0,N,611,2012,Operable,Y,611
942,0,0,0,C,611,2012,Operable,Y,611
943,0,0,0,C,2012,2012,Operable,Y,611
945,0,0,0,C,thn_2012,2012,Operable,Y,611
944,0,0,0,C,thn_611,2012,Operable,Y,611
946,0,0,0,N,669,2012,Operable,Y,669
947,0,0,0,C,669,2012,Operable,Y,669
948,0,0,0,C,2012,2012,Operable,Y,669
950,0,0,0,C,thn_2012,2012,Operable,Y,669
949,0,0,0,C,thn_669,2012,Operable,Y,669
951,0,0,0,N,705,2012,Operable,Y,705
952,0,0,0,C,705,2012,Operable,Y,705
953,0,0,0,C,2012,2012,Operable,Y,705
955,0,0,0,C,thn_2012,2012,Operable,Y,705
954,0,0,0,C,thn_705,2012,Operable,Y,705
956,0,0,0,N,713,2012,Operable,Y,713
957,0,0,0,C,713,2012,Operable,Y,713
958,0,0,0,C,2012,2012,Operable,Y,713
960,0,0,0,C,thn_2012,2012,Operable,Y,713
959,0,0,0,C,thn_713,2012,Operable,Y,713
961,0,0,0,N,845,2002,Operable,Y,845
962,0,0,0,C,845,2002,Operable,Y,845
963,0,0,0,C,2002,2002,Operable,Y,845
965,0,0,0,C,thn_2002,2002,Operable,Y,845
964,0,0,0,C,thn_845,2002,Operable,Y,845
966,0,0,0,N,868,868,Reserve,N,868
967,0,0,0,N,608,2012,Operable,Y,608
968,0,0,0,C,608,2012,Operable,Y,608
969,0,0,0,C,2012,2012,Operable,Y,608
971,0,0,0,C,thn_2012,2012,Operable,Y,608
970,0,0,0,C,thn_608,2012,Operable,Y,608
972,0,0,0,N,499,2022,Low Operability,N,499
973,0,0,0,C,499,2022,Low Operability,N,499
974,0,0,0,C,2022,2022,Low Operability,N,499
975,0,0,0,N,628,2002,Low Operability,N,628
976,0,0,0,C,628,2002,Low Operability,N,628
977,0,0,0,C,2002,2002,Low Operability,N,628
978,0,0,0,N,2104,2004,Low Operability,N,2104
979,0,0,0,C,2104,2004,Low Operability,N,2104
980,0,0,0,C,2004,2004,Low Operability,N,2104
981,0,0,0,N,681,2022,Operable,Y,681
982,0,0,0,C,681,2022,Operable,Y,681
983,0,0,0,C,2022,2022,Operable,Y,681
985,0,0,0,C,thn_2022,2022,Operable,Y,681
984,0,0,0,C,thn_681,2022,Operable,Y,681
986,0,0,0,N,758,2012,Low Operability,N,758
987,0,0,0,C,758,2012,Low Operability,N,758
988,0,0,0,C,2012,2012,Low Operability,N,758
989,0,0,0,N,916,2002,Operable,Y,916
990,0,0,0,C,916,2002,Operable,Y,916
991,0,0,0,C,2002,2002,Operable,Y,916
993,0,0,0,C,thn_2002,2002,Operable,Y,916
992,0,0,0,C,thn_916,2002,Operable,Y,916
994,0,0,0,N,2121,409,Reserve,N,2121
995,0,0,0,N,670,2012,Low Operability,N,670
996,0,0,0,C,670,2012,Low Operability,N,670
997,0,0,0,C,2012,2012,Low Operability,N,670
998,0,0,0,N,902,2002,Operable,Y,902
999,0,0,0,C,902,2002,Operable,Y,902
1000,0,0,0,C,2002,2002,Operable,Y,902
1002,0,0,0,C,thn_2002,2002,Operable,Y,902
1001,0,0,0,C,thn_902,2002,Operable,Y,902
1003,0,0,0,N,1012,2022,Operable,Y,1012
1004,0,0,0,C,1012,2022,Operable,Y,1012
1005,0,0,0,C,2022,2022,Operable,Y,1012
1007,0,0,0,C,thn_2022,2022,Operable,Y,1012
1006,0,0,0,C,thn_1012,2022,Operable,Y,1012
1008,0,0,0,N,10,2022,Operable,Y,10
1009,0,0,0,C,10,2022,Operable,Y,10
1010,0,0,0,C,2022,2022,Operable,Y,10
1012,0,0,0,C,thn_2022,2022,Operable,Y,10
1011,0,0,0,C,thn_10,2022,Operable,Y,10
1013,0,0,0,N,2101,627,Reserve,N,2101
1014,0,0,0,N,408,2013,Operable,Y,408
1015,0,0,0,C,408,2013,Operable,Y,408
1016,0,0,0,C,2013,2013,Operable,Y,408
1018,0,0,0,C,thn_2013,2013,Operable,Y,408
1017,0,0,0,C,thn_408,2013,Operable,Y,408
1019,0,0,0,N,478,2023,Low Operability,N,478
1020,0,0,0,C,478,2023,Low Operability,N,478
1021,0,0,0,C,2023,2023,Low Operability,N,478
1022,0,0,0,N,531,2023,Low Operability,N,531
1023,0,0,0,C,531,2023,Low Operability,N,531
1024,0,0,0,C,2023,2023,Low Operability,N,531
1025,0,0,0,N,655,2013,Operable,Y,655
1026,0,0,0,C,655,2013,Operable,Y,655
1027,0,0,0,C,2013,2013,Operable,Y,655
1029,0,0,0,C,thn_2013,2013,Operable,Y,655
1028,0,0,0,C,thn_655,2013,Operable,Y,655
1030,0,0,0,N,944,2003,Operable,Y,944
1031,0,0,0,C,944,2003,Operable,Y,944
1032,0,0,0,C,2003,2003,Operable,Y,944
1034,0,0,0,C,thn_2003,2003,Operable,Y,944
1033,0,0,0,C,thn_944,2003,Operable,Y,944
1035,0,0,0,N,83,2013,Operable,Y,83
1036,0,0,0,C,83,2013,Operable,Y,83
1037,0,0,0,C,2013,2013,Operable,Y,83
1039,0,0,0,C,thn_2013,2013,Operable,Y,83
1038,0,0,0,C,thn_83,2013,Operable,Y,83
1040,0,0,0,N,436,2013,Operable,Y,436
1041,0,0,0,C,436,2013,Operable,Y,436
1042,0,0,0,C,2013,2013,Operable,Y,436
1044,0,0,0,C,thn_2013,2013,Operable,Y,436
1043,0,0,0,C,thn_436,2013,Operable,Y,436
1045,0,0,0,N,78,2023,Operable,Y,78
1046,0,0,0,C,78,2023,Operable,Y,78
1047,0,0,0,C,2023,2023,Operable,Y,78
1049,0,0,0,C,thn_2023,2023,Operable,Y,78
1048,0,0,0,C,thn_78,2023,Operable,Y,78
1050,0,0,0,N,137,2003,Operable,Y,137
1051,0,0,0,C,137,2003,Operable,Y,137
1052,0,0,0,C,2003,2003,Operable,Y,137
1054,0,0,0,C,thn_2003,2003,Operable,Y,137
1053,0,0,0,C,thn_137,2003,Operable,Y,137
1055,0,0,0,N,185,2013,Operable,Y,185
1056,0,0,0,C,185,2013,Operable,Y,185
1057,0,0,0,C,2013,2013,Operable,Y,185
1059,0,0,0,C,thn_2013,2013,Operable,Y,185
1058,0,0,0,C,thn_185,2013,Operable,Y,185
1060,0,0,0,N,442,2013,Operable,Y,442
1061,0,0,0,C,442,2013,Operable,Y,442
1062,0,0,0,C,2013,2013,Operable,Y,442
1064,0,0,0,C,thn_2013,2013,Operable,Y,442
1063,0,0,0,C,thn_442,2013,Operable,Y,442
1065,0,0,0,N,540,2003,Operable,Y,540
1066,0,0,0,C,540,2003,Operable,Y,540
1067,0,0,0,C,2003,2003,Operable,Y,540
1069,0,0,0,C,thn_2003,2003,Operable,Y,540
1068,0,0,0,C,thn_540,2003,Operable,Y,540
1070,0,0,0,N,563,2013,Low Operability,N,563
1071,0,0,0,C,563,2013,Low Operability,N,563
1072,0,0,0,C,2013,2013,Low Operability,N,563
1073,0,0,0,N,888,2013,Operable,Y,888
1074,0,0,0,C,888,2013,Operable,Y,888
1075,0,0,0,C,2013,2013,Operable,Y,888
1077,0,0,0,C,thn_2013,2013,Operable,Y,888
1076,0,0,0,C,thn_888,2013,Operable,Y,888
1078,0,0,0,N,949,2003,Operable,Y,949
1079,0,0,0,C,949,2003,Operable,Y,949
1080,0,0,0,C,2003,2003,Operable,Y,949
1082,0,0,0,C,thn_2003,2003,Operable,Y,949
1081,0,0,0,C,thn_949,2003,Operable,Y,949
1083,0,0,0,N,144,2013,Operable,Y,144
1084,0,0,0,C,144,2013,Operable,Y,144
1085,0,0,0,C,2013,2013,Operable,Y,144
1087,0,0,0,C,thn_2013,2013,Operable,Y,144
1086,0,0,0,C,thn_144,2013,Operable,Y,144
1088,0,0,0,N,175,2023,Low Operability,N,175
1089,0,0,0,C,175,2023,Low Operability,N,175
1090,0,0,0,C,2023,2023,Low Operability,N,175
1091,0,0,0,N,2111,524,Reserve,N,2111
1092,0,0,0,N,546,2013,Operable,Y,546
1093,0,0,0,C,546,2013,Operable,Y,546
1094,0,0,0,C,2013,2013,Operable,Y,546
1096,0,0,0,C,thn_2013,2013,Operable,Y,546
1095,0,0,0,C,thn_546,2013,Operable,Y,546
1097,0,0,0,N,619,619,Reserve,N,619
1098,0,0,0,N,633,2013,Operable,Y,633
1099,0,0,0,C,633,2013,Operable,Y,633
1100,0,0,0,C,2013,2013,Operable,Y,633
1102,0,0,0,C,thn_2013,2013,Operable,Y,633
1101,0,0,0,C,thn_633,2013,Operable,Y,633
1103,0,0,0,N,709,2013,Operable,Y,709
1104,0,0,0,C,709,2013,Operable,Y,709
1105,0,0,0,C,2013,2013,Operable,Y,709
1107,0,0,0,C,thn_2013,2013,Operable,Y,709
1106,0,0,0,C,thn_709,2013,Operable,Y,709
1108,0,0,0,N,776,2013,Operable,Y,776
1109,0,0,0,C,776,2013,Operable,Y,776
1110,0,0,0,C,2013,2013,Operable,Y,776
1112,0,0,0,C,thn_2013,2013,Operable,Y,776
1111,0,0,0,C,thn_776,2013,Operable,Y,776
1113,0,0,0,N,2101,900,Reserve,N,2101
1114,0,0,0,N,2101,1005,Reserve,N,2101
1115,0,0,0,N,1021,2013,Low Operability,N,1021
1116,0,0,0,C,1021,2013,Low Operability,N,1021
1117,0,0,0,C,2013,2013,Low Operability,N,1021
1118,0,0,0,N,1030,2003,Operable,Y,1030
1119,0,0,0,C,1030,2003,Operable,Y,1030
1120,0,0,0,C,2003,2003,Operable,Y,1030
1122,0,0,0,C,thn_2003,2003,Operable,Y,1030
1121,0,0,0,C,thn_1030,2003,Operable,Y,1030
1123,0,0,0,N,1030,1030,Reserve,N,1030
1124,0,0,0,N,142,2003,Operable,Y,142
1125,0,0,0,C,142,2003,Operable,Y,142
1126,0,0,0,C,2003,2003,Operable,Y,142
1128,0,0,0,C,thn_2003,2003,Operable,Y,142
1127,0,0,0,C,thn_142,2003,Operable,Y,142
1129,0,0,0,N,237,2003,Operable,Y,237
1130,0,0,0,C,237,2003,Operable,Y,237
1131,0,0,0,C,2003,2003,Operable,Y,237
1133,0,0,0,C,thn_2003,2003,Operable,Y,237
1132,0,0,0,C,thn_237,2003,Operable,Y,237
1134,0,0,0,N,573,2023,Low Operability,N,573
1135,0,0,0,C,573,2023,Low Operability,N,573
1136,0,0,0,C,2023,2023,Low Operability,N,573
1137,0,0,0,N,704,2013,Operable,Y,704
1138,0,0,0,C,704,2013,Operable,Y,704
1139,0,0,0,C,2013,2013,Operable,Y,704
1141,0,0,0,C,thn_2013,2013,Operable,Y,704
1140,0,0,0,C,thn_704,2013,Operable,Y,704
1142,0,0,0,N,780,2013,Operable,Y,780
1143,0,0,0,C,780,2013,Operable,Y,780
1144,0,0,0,C,2013,2013,Operable,Y,780
1146,0,0,0,C,thn_2013,2013,Operable,Y,780
1145,0,0,0,C,thn_780,2013,Operable,Y,780
1147,0,0,0,N,211,2023,Operable,Y,211
1148,0,0,0,C,211,2023,Operable,Y,211
1149,0,0,0,C,2023,2023,Operable,Y,211
1151,0,0,0,C,thn_2023,2023,Operable,Y,211
1150,0,0,0,C,thn_211,2023,Operable,Y,211
1152,0,0,0,N,561,2013,Low Operability,N,561
1153,0,0,0,C,561,2013,Low Operability,N,561
1154,0,0,0,C,2013,2013,Low Operability,N,561
1155,0,0,0,N,874,2013,Operable,Y,874
1156,0,0,0,C,874,2013,Operable,Y,874
1157,0,0,0,C,2013,2013,Operable,Y,874
1159,0,0,0,C,thn_2013,2013,Operable,Y,874
1158,0,0,0,C,thn_874,2013,Operable,Y,874
1160,0,0,0,N,528,2013,Operable,Y,528
1161,0,0,0,C,528,2013,Operable,Y,528
1162,0,0,0,C,2013,2013,Operable,Y,528
1164,0,0,0,C,thn_2013,2013,Operable,Y,528
1163,0,0,0,C,thn_528,2013,Operable,Y,528
1165,0,0,0,N,99,2013,Operable,Y,99
1166,0,0,0,C,99,2013,Operable,Y,99
1167,0,0,0,C,2013,2013,Operable,Y,99
1169,0,0,0,C,thn_2013,2013,Operable,Y,99
1168,0,0,0,C,thn_99,2013,Operable,Y,99
1170,0,0,0,N,223,2013,Operable,Y,223
1171,0,0,0,C,223,2013,Operable,Y,223
1172,0,0,0,C,2013,2013,Operable,Y,223
1174,0,0,0,C,thn_2013,2013,Operable,Y,223
1173,0,0,0,C,thn_223,2013,Operable,Y,223
1175,0,0,0,N,279,2003,Operable,Y,279
1176,0,0,0,C,279,2003,Operable,Y,279
1177,0,0,0,C,2003,2003,Operable,Y,279
1179,0,0,0,C,thn_2003,2003,Operable,Y,279
1178,0,0,0,C,thn_279,2003,Operable,Y,279
1180,0,0,0,N,324,2013,Operable,Y,324
1181,0,0,0,C,324,2013,Operable,Y,324
1182,0,0,0,C,2013,2013,Operable,Y,324
1184,0,0,0,C,thn_2013,2013,Operable,Y,324
1183,0,0,0,C,thn_324,2013,Operable,Y,324
1185,0,0,0,N,778,2013,Operable,Y,778
1186,0,0,0,C,778,2013,Operable,Y,778
1187,0,0,0,C,2013,2013,Operable,Y,778
1189,0,0,0,C,thn_2013,2013,Operable,Y,778
1188,0,0,0,C,thn_778,2013,Operable,Y,778
1190,0,0,0,N,861,2013,Operable,Y,861
1191,0,0,0,C,861,2013,Operable,Y,861
1192,0,0,0,C,2013,2013,Operable,Y,861
1194,0,0,0,C,thn_2013,2013,Operable,Y,861
1193,0,0,0,C,thn_861,2013,Operable,Y,861
1195,0,0,0,N,789,2003,Operable,Y,789
1196,0,0,0,C,789,2003,Operable,Y,789
1197,0,0,0,C,2003,2003,Operable,Y,789
1199,0,0,0,C,thn_2003,2003,Operable,Y,789
1198,0,0,0,C,thn_789,2003,Operable,Y,789
1200,0,0,0,N,242,2013,Operable,Y,242
1201,0,0,0,C,242,2013,Operable,Y,242
1202,0,0,0,C,2013,2013,Operable,Y,242
1204,0,0,0,C,thn_2013,2013,Operable,Y,242
1203,0,0,0,C,thn_242,2013,Operable,Y,242
1205,0,0,0,N,322,2003,Operable,Y,322
1206,0,0,0,C,322,2003,Operable,Y,322
1207,0,0,0,C,2003,2003,Operable,Y,322
1209,0,0,0,C,thn_2003,2003,Operable,Y,322
1208,0,0,0,C,thn_322,2003,Operable,Y,322
1210,0,0,0,N,715,2013,Operable,Y,715
1211,0,0,0,C,715,2013,Operable,Y,715
1212,0,0,0,C,2013,2013,Operable,Y,715
1214,0,0,0,C,thn_2013,2013,Operable,Y,715
1213,0,0,0,C,thn_715,2013,Operable,Y,715
1215,0,0,0,N,779,2013,Operable,Y,779
1216,0,0,0,C,779,2013,Operable,Y,779
1217,0,0,0,C,2013,2013,Operable,Y,779
1219,0,0,0,C,thn_2013,2013,Operable,Y,779
1218,0,0,0,C,thn_779,2013,Operable,Y,779
1220,0,0,0,N,812,2003,Operable,Y,812
1221,0,0,0,C,812,2003,Operable,Y,812
1222,0,0,0,C,2003,2003,Operable,Y,812
1224,0,0,0,C,thn_2003,2003,Operable,Y,812
1223,0,0,0,C,thn_812,2003,Operable,Y,812
1225,0,0,0,N,895,895,Reserve,N,895
1226,0,0,0,N,951,2003,Operable,Y,951
1227,0,0,0,C,951,2003,Operable,Y,951
1228,0,0,0,C,2003,2003,Operable,Y,951
1230,0,0,0,C,thn_2003,2003,Operable,Y,951
1229,0,0,0,C,thn_951,2003,Operable,Y,951
1231,0,0,0,N,306,2003,Operable,Y,306
1232,0,0,0,C,306,2003,Operable,Y,306
1233,0,0,0,C,2003,2003,Operable,Y,306
1235,0,0,0,C,thn_2003,2003,Operable,Y,306
1234,0,0,0,C,thn_306,2003,Operable,Y,306
1236,0,0,0,N,401,2003,Low Operability,N,401
1237,0,0,0,C,401,2003,Low Operability,N,401
1238,0,0,0,C,2003,2003,Low Operability,N,401
1239,0,0,0,N,463,2023,Low Operability,N,463
1240,0,0,0,C,463,2023,Low Operability,N,463
1241,0,0,0,C,2023,2023,Low Operability,N,463
1242,0,0,0,N,571,2023,Operable,Y,571
1243,0,0,0,C,571,2023,Operable,Y,571
1244,0,0,0,C,2023,2023,Operable,Y,571
1246,0,0,0,C,thn_2023,2023,Operable,Y,571
1245,0,0,0,C,thn_571,2023,Operable,Y,571
1247,0,0,0,N,600,2023,Operable,Y,600
1248,0,0,0,C,600,2023,Operable,Y,600
1249,0,0,0,C,2023,2023,Operable,Y,600
1251,0,0,0,C,thn_2023,2023,Operable,Y,600
1250,0,0,0,C,thn_600,2023,Operable,Y,600
1252,0,0,0,N,772,772,Reserve,N,772
1253,0,0,0,N,879,879,Reserve,N,879
1254,0,0,0,N,953,2003,Operable,Y,953
1255,0,0,0,C,953,2003,Operable,Y,953
1256,0,0,0,C,2003,2003,Operable,Y,953
1258,0,0,0,C,thn_2003,2003,Operable,Y,953
1257,0,0,0,C,thn_953,2003,Operable,Y,953
1259,0,0,0,N,235,2003,Operable,Y,235
1260,0,0,0,C,235,2003,Operable,Y,235
1261,0,0,0,C,2003,2003,Operable,Y,235
1263,0,0,0,C,thn_2003,2003,Operable,Y,235
1262,0,0,0,C,thn_235,2003,Operable,Y,235
1264,0,0,0,N,374,2003,Operable,Y,374
1265,0,0,0,C,374,2003,Operable,Y,374
1266,0,0,0,C,2003,2003,Operable,Y,374
1268,0,0,0,C,thn_2003,2003,Operable,Y,374
1267,0,0,0,C,thn_374,2003,Operable,Y,374
1269,0,0,0,N,784,2023,Operable,Y,784
1270,0,0,0,C,784,2023,Operable,Y,784
1271,0,0,0,C,2023,2023,Operable,Y,784
1273,0,0,0,C,thn_2023,2023,Operable,Y,784
1272,0,0,0,C,thn_784,2023,Operable,Y,784
1274,0,0,0,N,818,2003,Operable,Y,818
1275,0,0,0,C,818,2003,Operable,Y,818
1276,0,0,0,C,2003,2003,Operable,Y,818
1278,0,0,0,C,thn_2003,2003,Operable,Y,818
1277,0,0,0,C,thn_818,2003,Operable,Y,818
1279,0,0,0,N,881,2013,Operable,Y,881
1280,0,0,0,C,881,2013,Operable,Y,881
1281,0,0,0,C,2013,2013,Operable,Y,881
1283,0,0,0,C,thn_2013,2013,Operable,Y,881
1282,0,0,0,C,thn_881,2013,Operable,Y,881
1284,0,0,0,N,950,2003,Operable,Y,950
1285,0,0,0,C,950,2003,Operable,Y,950
1286,0,0,0,C,2003,2003,Operable,Y,950
1288,0,0,0,C,thn_2003,2003,Operable,Y,950
1287,0,0,0,C,thn_950,2003,Operable,Y,950
1289,0,0,0,N,958,2003,Operable,Y,958
1290,0,0,0,C,958,2003,Operable,Y,958
1291,0,0,0,C,2003,2003,Operable,Y,958
1293,0,0,0,C,thn_2003,2003,Operable,Y,958
1292,0,0,0,C,thn_958,2003,Operable,Y,958
1294,0,0,0,N,969,2003,Operable,Y,969
1295,0,0,0,C,969,2003,Operable,Y,969
1296,0,0,0,C,2003,2003,Operable,Y,969
1298,0,0,0,C,thn_2003,2003,Operable,Y,969
1297,0,0,0,C,thn_969,2003,Operable,Y,969
1299,0,0,0,N,76,2023,Operable,Y,76
1300,0,0,0,C,76,2023,Operable,Y,76
1301,0,0,0,C,2023,2023,Operable,Y,76
1303,0,0,0,C,thn_2023,2023,Operable,Y,76
1302,0,0,0,C,thn_76,2023,Operable,Y,76
1304,0,0,0,N,125,2013,Operable,Y,125
1305,0,0,0,C,125,2013,Operable,Y,125
1306,0,0,0,C,2013,2013,Operable,Y,125
1308,0,0,0,C,thn_2013,2013,Operable,Y,125
1307,0,0,0,C,thn_125,2013,Operable,Y,125
1309,0,0,0,N,491,2003,Low Operability,N,491
1310,0,0,0,C,491,2003,Low Operability,N,491
1311,0,0,0,C,2003,2003,Low Operability,N,491
1312,0,0,0,N,502,2013,Low Operability,N,502
1313,0,0,0,C,502,2013,Low Operability,N,502
1314,0,0,0,C,2013,2013,Low Operability,N,502
1315,0,0,0,N,775,2013,Operable,Y,775
1316,0,0,0,C,775,2013,Operable,Y,775
1317,0,0,0,C,2013,2013,Operable,Y,775
1319,0,0,0,C,thn_2013,2013,Operable,Y,775
1318,0,0,0,C,thn_775,2013,Operable,Y,775
1320,0,0,0,N,668,668,Reserve,N,668
1321,0,0,0,N,2111,865,Reserve,N,2111
1322,0,0,0,N,369,2003,Operable,Y,369
1323,0,0,0,C,369,2003,Operable,Y,369
1324,0,0,0,C,2003,2003,Operable,Y,369
1326,0,0,0,C,thn_2003,2003,Operable,Y,369
1325,0,0,0,C,thn_369,2003,Operable,Y,369
1327,0,0,0,N,799,2023,Operable,Y,799
1328,0,0,0,C,799,2023,Operable,Y,799
1329,0,0,0,C,2023,2023,Operable,Y,799
1331,0,0,0,C,thn_2023,2023,Operable,Y,799
1330,0,0,0,C,thn_799,2023,Operable,Y,799
1332,0,0,0,N,992,2003,Operable,Y,992
1333,0,0,0,C,992,2003,Operable,Y,992
1334,0,0,0,C,2003,2003,Operable,Y,992
1336,0,0,0,C,thn_2003,2003,Operable,Y,992
1335,0,0,0,C,thn_992,2003,Operable,Y,992
1337,0,0,0,N,1018,2013,Operable,Y,1018
1338,0,0,0,C,1018,2013,Operable,Y,1018
1339,0,0,0,C,2013,2013,Operable,Y,1018
1341,0,0,0,C,thn_2013,2013,Operable,Y,1018
1340,0,0,0,C,thn_1018,2013,Operable,Y,1018
1342,0,0,0,N,64,2003,Operable,Y,64
1343,0,0,0,C,64,2003,Operable,Y,64
1344,0,0,0,C,2003,2003,Operable,Y,64
1346,0,0,0,C,thn_2003,2003,Operable,Y,64
1345,0,0,0,C,thn_64,2003,Operable,Y,64
1347,0,0,0,N,141,2003,Operable,Y,141
1348,0,0,0,C,141,2003,Operable,Y,141
1349,0,0,0,C,2003,2003,Operable,Y,141
1351,0,0,0,C,thn_2003,2003,Operable,Y,141
1350,0,0,0,C,thn_141,2003,Operable,Y,141
1352,0,0,0,N,174,2003,Operable,Y,174
1353,0,0,0,C,174,2003,Operable,Y,174
1354,0,0,0,C,2003,2003,Operable,Y,174
1356,0,0,0,C,thn_2003,2003,Operable,Y,174
1355,0,0,0,C,thn_174,2003,Operable,Y,174
1357,0,0,0,N,464,2023,Low Operability,N,464
1358,0,0,0,C,464,2023,Low Operability,N,464
1359,0,0,0,C,2023,2023,Low Operability,N,464
1360,0,0,0,N,472,472,Reserve,N,472
1361,0,0,0,N,720,2013,Operable,Y,720
1362,0,0,0,C,720,2013,Operable,Y,720
1363,0,0,0,C,2013,2013,Operable,Y,720
1365,0,0,0,C,thn_2013,2013,Operable,Y,720
1364,0,0,0,C,thn_720,2013,Operable,Y,720
1366,0,0,0,N,773,2013,Operable,Y,773
1367,0,0,0,C,773,2013,Operable,Y,773
1368,0,0,0,C,2013,2013,Operable,Y,773
1370,0,0,0,C,thn_2013,2013,Operable,Y,773
1369,0,0,0,C,thn_773,2013,Operable,Y,773
1371,0,0,0,N,2111,873,Reserve,N,2111
1372,0,0,0,N,887,2013,Operable,Y,887
1373,0,0,0,C,887,2013,Operable,Y,887
1374,0,0,0,C,2013,2013,Operable,Y,887
1376,0,0,0,C,thn_2013,2013,Operable,Y,887
1375,0,0,0,C,thn_887,2013,Operable,Y,887
1377,0,0,0,N,2101,934,Reserve,N,2101
1378,0,0,0,N,116,2003,Operable,Y,116
1379,0,0,0,C,116,2003,Operable,Y,116
1380,0,0,0,C,2003,2003,Operable,Y,116
1382,0,0,0,C,thn_2003,2003,Operable,Y,116
1381,0,0,0,C,thn_116,2003,Operable,Y,116
1383,0,0,0,N,364,2003,Operable,Y,364
1384,0,0,0,C,364,2003,Operable,Y,364
1385,0,0,0,C,2003,2003,Operable,Y,364
1387,0,0,0,C,thn_2003,2003,Operable,Y,364
1386,0,0,0,C,thn_364,2003,Operable,Y,364
1388,0,0,0,N,471,471,Reserve,N,471
1389,0,0,0,N,583,2003,Operable,Y,583
1390,0,0,0,C,583,2003,Operable,Y,583
1391,0,0,0,C,2003,2003,Operable,Y,583
1393,0,0,0,C,thn_2003,2003,Operable,Y,583
1392,0,0,0,C,thn_583,2003,Operable,Y,583
1394,0,0,0,N,730,2023,Operable,Y,730
1395,0,0,0,C,730,2023,Operable,Y,730
1396,0,0,0,C,2023,2023,Operable,Y,730
1398,0,0,0,C,thn_2023,2023,Operable,Y,730
1397,0,0,0,C,thn_730,2023,Operable,Y,730
1399,0,0,0,N,787,2003,Operable,Y,787
1400,0,0,0,C,787,2003,Operable,Y,787
1401,0,0,0,C,2003,2003,Operable,Y,787
1403,0,0,0,C,thn_2003,2003,Operable,Y,787
1402,0,0,0,C,thn_787,2003,Operable,Y,787
1404,0,0,0,N,946,2003,Operable,Y,946
1405,0,0,0,C,946,2003,Operable,Y,946
1406,0,0,0,C,2003,2003,Operable,Y,946
1408,0,0,0,C,thn_2003,2003,Operable,Y,946
1407,0,0,0,C,thn_946,2003,Operable,Y,946
1409,0,0,0,N,956,2003,Operable,Y,956
1410,0,0,0,C,956,2003,Operable,Y,956
1411,0,0,0,C,2003,2003,Operable,Y,956
1413,0,0,0,C,thn_2003,2003,Operable,Y,956
1412,0,0,0,C,thn_956,2003,Operable,Y,956
1414,0,0,0,N,959,2003,Operable,Y,959
1415,0,0,0,C,959,2003,Operable,Y,959
1416,0,0,0,C,2003,2003,Operable,Y,959
1418,0,0,0,C,thn_2003,2003,Operable,Y,959
1417,0,0,0,C,thn_959,2003,Operable,Y,959
1419,0,0,0,N,972,2003,Operable,Y,972
1420,0,0,0,C,972,2003,Operable,Y,972
1421,0,0,0,C,2003,2003,Operable,Y,972
1423,0,0,0,C,thn_2003,2003,Operable,Y,972
1422,0,0,0,C,thn_972,2003,Operable,Y,972
1424,0,0,0,N,133,2003,Operable,Y,133
1425,0,0,0,C,133,2003,Operable,Y,133
1426,0,0,0,C,2003,2003,Operable,Y,133
1428,0,0,0,C,thn_2003,2003,Operable,Y,133
1427,0,0,0,C,thn_133,2003,Operable,Y,133
1429,0,0,0,N,351,2013,Operable,Y,351
1430,0,0,0,C,351,2013,Operable,Y,351
1431,0,0,0,C,2013,2013,Operable,Y,351
1433,0,0,0,C,thn_2013,2013,Operable,Y,351
1432,0,0,0,C,thn_351,2013,Operable,Y,351
1434,0,0,0,N,366,2003,Operable,Y,366
1435,0,0,0,C,366,2003,Operable,Y,366
1436,0,0,0,C,2003,2003,Operable,Y,366
1438,0,0,0,C,thn_2003,2003,Operable,Y,366
1437,0,0,0,C,thn_366,2003,Operable,Y,366
1439,0,0,0,N,448,2003,Operable,Y,448
1440,0,0,0,C,448,2003,Operable,Y,448
1441,0,0,0,C,2003,2003,Operable,Y,448
1443,0,0,0,C,thn_2003,2003,Operable,Y,448
1442,0,0,0,C,thn_448,2003,Operable,Y,448
1444,0,0,0,N,448,2023,Operable,Y,448
1445,0,0,0,C,448,2023,Operable,Y,448
1446,0,0,0,C,2023,2023,Operable,Y,448
1448,0,0,0,C,thn_2023,2023,Operable,Y,448
1447,0,0,0,C,thn_448,2023,Operable,Y,448
1449,0,0,0,N,596,2013,Operable,Y,596
1450,0,0,0,C,596,2013,Operable,Y,596
1451,0,0,0,C,2013,2013,Operable,Y,596
1453,0,0,0,C,thn_2013,2013,Operable,Y,596
1452,0,0,0,C,thn_596,2013,Operable,Y,596
1454,0,0,0,N,676,676,Reserve,N,676
1455,0,0,0,N,797,2023,Operable,Y,797
1456,0,0,0,C,797,2023,Operable,Y,797
1457,0,0,0,C,2023,2023,Operable,Y,797
1459,0,0,0,C,thn_2023,2023,Operable,Y,797
1458,0,0,0,C,thn_797,2023,Operable,Y,797
1460,0,0,0,N,811,2003,Operable,Y,811
1461,0,0,0,C,811,2003,Operable,Y,811
1462,0,0,0,C,2003,2003,Operable,Y,811
1464,0,0,0,C,thn_2003,2003,Operable,Y,811
1463,0,0,0,C,thn_811,2003,Operable,Y,811
1465,0,0,0,N,943,2003,Operable,Y,943
1466,0,0,0,C,943,2003,Operable,Y,943
1467,0,0,0,C,2003,2003,Operable,Y,943
1469,0,0,0,C,thn_2003,2003,Operable,Y,943
1468,0,0,0,C,thn_943,2003,Operable,Y,943
1470,0,0,0,N,970,2003,Operable,Y,970
1471,0,0,0,C,970,2003,Operable,Y,970
1472,0,0,0,C,2003,2003,Operable,Y,970
1474,0,0,0,C,thn_2003,2003,Operable,Y,970
1473,0,0,0,C,thn_970,2003,Operable,Y,970
1475,0,0,0,N,100,2023,Operable,Y,100
1476,0,0,0,C,100,2023,Operable,Y,100
1477,0,0,0,C,2023,2023,Operable,Y,100
1479,0,0,0,C,thn_2023,2023,Operable,Y,100
1478,0,0,0,C,thn_100,2023,Operable,Y,100
1480,0,0,0,N,178,2003,Operable,Y,178
1481,0,0,0,C,178,2003,Operable,Y,178
1482,0,0,0,C,2003,2003,Operable,Y,178
1484,0,0,0,C,thn_2003,2003,Operable,Y,178
1483,0,0,0,C,thn_178,2003,Operable,Y,178
1485,0,0,0,N,311,2013,Operable,Y,311
1486,0,0,0,C,311,2013,Operable,Y,311
1487,0,0,0,C,2013,2013,Operable,Y,311
1489,0,0,0,C,thn_2013,2013,Operable,Y,311
1488,0,0,0,C,thn_311,2013,Operable,Y,311
1490,0,0,0,N,437,2003,Low Operability,N,437
1491,0,0,0,C,437,2003,Low Operability,N,437
1492,0,0,0,C,2003,2003,Low Operability,N,437
1493,0,0,0,N,623,2003,Low Operability,N,623
1494,0,0,0,C,623,2003,Low Operability,N,623
1495,0,0,0,C,2003,2003,Low Operability,N,623
1496,0,0,0,N,748,2013,Operable,Y,748
1497,0,0,0,C,748,2013,Operable,Y,748
1498,0,0,0,C,2013,2013,Operable,Y,748
1500,0,0,0,C,thn_2013,2013,Operable,Y,748
1499,0,0,0,C,thn_748,2013,Operable,Y,748
1501,0,0,0,N,186,2023,Operable,Y,186
1502,0,0,0,C,186,2023,Operable,Y,186
1503,0,0,0,C,2023,2023,Operable,Y,186
1505,0,0,0,C,thn_2023,2023,Operable,Y,186
1504,0,0,0,C,thn_186,2023,Operable,Y,186
1506,0,0,0,N,300,2003,Operable,Y,300
1507,0,0,0,C,300,2003,Operable,Y,300
1508,0,0,0,C,2003,2003,Operable,Y,300
1510,0,0,0,C,thn_2003,2003,Operable,Y,300
1509,0,0,0,C,thn_300,2003,Operable,Y,300
1511,0,0,0,N,867,867,Reserve,N,867
1512,0,0,0,N,921,2003,Operable,Y,921
1513,0,0,0,C,921,2003,Operable,Y,921
1514,0,0,0,C,2003,2003,Operable,Y,921
1516,0,0,0,C,thn_2003,2003,Operable,Y,921
1515,0,0,0,C,thn_921,2003,Operable,Y,921
1517,0,0,0,N,247,2003,Operable,Y,247
1518,0,0,0,C,247,2003,Operable,Y,247
1519,0,0,0,C,2003,2003,Operable,Y,247
1521,0,0,0,C,thn_2003,2003,Operable,Y,247
1520,0,0,0,C,thn_247,2003,Operable,Y,247
1522,0,0,0,N,1024,2013,Operable,Y,1024
1523,0,0,0,C,1024,2013,Operable,Y,1024
1524,0,0,0,C,2013,2013,Operable,Y,1024
1526,0,0,0,C,thn_2013,2013,Operable,Y,1024
1525,0,0,0,C,thn_1024,2013,Operable,Y,1024
1527,0,0,0,N,161,2003,Operable,Y,161
1528,0,0,0,C,161,2003,Operable,Y,161
1529,0,0,0,C,2003,2003,Operable,Y,161
1531,0,0,0,C,thn_2003,2003,Operable,Y,161
1530,0,0,0,C,thn_161,2003,Operable,Y,161
1532,0,0,0,N,898,898,Reserve,N,898
1533,0,0,0,N,246,2003,Operable,Y,246
1534,0,0,0,C,246,2003,Operable,Y,246
1535,0,0,0,C,2003,2003,Operable,Y,246
1537,0,0,0,C,thn_2003,2003,Operable,Y,246
1536,0,0,0,C,thn_246,2003,Operable,Y,246
1538,0,0,0,N,782,2013,Operable,Y,782
1539,0,0,0,C,782,2013,Operable,Y,782
1540,0,0,0,C,2013,2013,Operable,Y,782
1542,0,0,0,C,thn_2013,2013,Operable,Y,782
1541,0,0,0,C,thn_782,2013,Operable,Y,782
1543,0,0,0,N,897,2003,Operable,Y,897
1544,0,0,0,C,897,2003,Operable,Y,897
1545,0,0,0,C,2003,2003,Operable,Y,897
1547,0,0,0,C,thn_2003,2003,Operable,Y,897
1546,0,0,0,C,thn_897,2003,Operable,Y,897
1548,0,0,0,N,101,2023,Operable,Y,101
1549,0,0,0,C,101,2023,Operable,Y,101
1550,0,0,0,C,2023,2023,Operable,Y,101
1552,0,0,0,C,thn_2023,2023,Operable,Y,101
1551,0,0,0,C,thn_101,2023,Operable,Y,101
1553,0,0,0,N,219,2013,Operable,Y,219
1554,0,0,0,C,219,2013,Operable,Y,219
1555,0,0,0,C,2013,2013,Operable,Y,219
1557,0,0,0,C,thn_2013,2013,Operable,Y,219
1556,0,0,0,C,thn_219,2013,Operable,Y,219
1558,0,0,0,N,882,2013,Operable,Y,882
1559,0,0,0,C,882,2013,Operable,Y,882
1560,0,0,0,C,2013,2013,Operable,Y,882
1562,0,0,0,C,thn_2013,2013,Operable,Y,882
1561,0,0,0,C,thn_882,2013,Operable,Y,882
1563,0,0,0,N,952,2003,Operable,Y,952
1564,0,0,0,C,952,2003,Operable,Y,952
1565,0,0,0,C,2003,2003,Operable,Y,952
1567,0,0,0,C,thn_2003,2003,Operable,Y,952
1566,0,0,0,C,thn_952,2003,Operable,Y,952
1568,0,0,0,N,962,2003,Operable,Y,962
1569,0,0,0,C,962,2003,Operable,Y,962
1570,0,0,0,C,2003,2003,Operable,Y,962
1572,0,0,0,C,thn_2003,2003,Operable,Y,962
1571,0,0,0,C,thn_962,2003,Operable,Y,962
1573,0,0,0,N,965,2003,Operable,Y,965
1574,0,0,0,C,965,2003,Operable,Y,965
1575,0,0,0,C,2003,2003,Operable,Y,965
1577,0,0,0,C,thn_2003,2003,Operable,Y,965
1576,0,0,0,C,thn_965,2003,Operable,Y,965
1578,0,0,0,N,207,207,Reserve,N,207
1579,0,0,0,N,535,2003,Operable,Y,535
1580,0,0,0,C,535,2003,Operable,Y,535
1581,0,0,0,C,2003,2003,Operable,Y,535
1583,0,0,0,C,thn_2003,2003,Operable,Y,535
1582,0,0,0,C,thn_535,2003,Operable,Y,535
1584,0,0,0,N,791,2003,Operable,Y,791
1585,0,0,0,C,791,2003,Operable,Y,791
1586,0,0,0,C,2003,2003,Operable,Y,791
1588,0,0,0,C,thn_2003,2003,Operable,Y,791
1587,0,0,0,C,thn_791,2003,Operable,Y,791
1589,0,0,0,N,880,2013,Operable,Y,880
1590,0,0,0,C,880,2013,Operable,Y,880
1591,0,0,0,C,2013,2013,Operable,Y,880
1593,0,0,0,C,thn_2013,2013,Operable,Y,880
1592,0,0,0,C,thn_880,2013,Operable,Y,880
1594,0,0,0,N,1031,2003,Operable,Y,1031
1595,0,0,0,C,1031,2003,Operable,Y,1031
1596,0,0,0,C,2003,2003,Operable,Y,1031
1598,0,0,0,C,thn_2003,2003,Operable,Y,1031
1597,0,0,0,C,thn_1031,2003,Operable,Y,1031
1599,0,0,0,N,2204,2004,Operable,N,2204
1600,0,0,0,C,2204,2004,Operable,N,2204
1601,0,0,0,C,2004,2004,Operable,N,2204
1602,0,0,0,N,2111,427,Reserve,N,2111
1603,0,0,0,N,877,2003,Operable,Y,877
1604,0,0,0,C,877,2003,Operable,Y,877
1605,0,0,0,C,2003,2003,Operable,Y,877
1607,0,0,0,C,thn_2003,2003,Operable,Y,877
1606,0,0,0,C,thn_877,2003,Operable,Y,877
1608,0,0,0,N,899,899,Reserve,N,899
1609,0,0,0,N,227,227,Reserve,N,227
1610,0,0,0,N,44,2023,Operable,Y,44
1611,0,0,0,C,44,2023,Operable,Y,44
1612,0,0,0,C,2023,2023,Operable,Y,44
1614,0,0,0,C,thn_2023,2023,Operable,Y,44
1613,0,0,0,C,thn_44,2023,Operable,Y,44
1615,0,0,0,N,162,162,Reserve,N,162
1616,0,0,0,N,241,2003,Operable,Y,241
1617,0,0,0,C,241,2003,Operable,Y,241
1618,0,0,0,C,2003,2003,Operable,Y,241
1620,0,0,0,C,thn_2003,2003,Operable,Y,241
1619,0,0,0,C,thn_241,2003,Operable,Y,241
1621,0,0,0,N,889,889,Reserve,N,889
1622,0,0,0,N,592,2023,Operable,Y,592
1623,0,0,0,C,592,2023,Operable,Y,592
1624,0,0,0,C,2023,2023,Operable,Y,592
1626,0,0,0,C,thn_2023,2023,Operable,Y,592
1625,0,0,0,C,thn_592,2023,Operable,Y,592
1627,0,0,0,N,827,2003,Operable,Y,827
1628,0,0,0,C,827,2003,Operable,Y,827
1629,0,0,0,C,2003,2003,Operable,Y,827
1631,0,0,0,C,thn_2003,2003,Operable,Y,827
1630,0,0,0,C,thn_827,2003,Operable,Y,827
1632,0,0,0,N,828,2003,Operable,Y,828
1633,0,0,0,C,828,2003,Operable,Y,828
1634,0,0,0,C,2003,2003,Operable,Y,828
1636,0,0,0,C,thn_2003,2003,Operable,Y,828
1635,0,0,0,C,thn_828,2003,Operable,Y,828
1637,0,0,0,N,834,2003,Operable,Y,834
1638,0,0,0,C,834,2003,Operable,Y,834
1639,0,0,0,C,2003,2003,Operable,Y,834
1641,0,0,0,C,thn_2003,2003,Operable,Y,834
1640,0,0,0,C,thn_834,2003,Operable,Y,834
1642,0,0,0,N,841,2003,Operable,Y,841
1643,0,0,0,C,841,2003,Operable,Y,841
1644,0,0,0,C,2003,2003,Operable,Y,841
1646,0,0,0,C,thn_2003,2003,Operable,Y,841
1645,0,0,0,C,thn_841,2003,Operable,Y,841
1647,0,0,0,N,841,841,Reserve,N,841
1648,0,0,0,N,863,863,Reserve,N,863
1649,0,0,0,N,975,2003,Operable,Y,975
1650,0,0,0,C,975,2003,Operable,Y,975
1651,0,0,0,C,2003,2003,Operable,Y,975
1653,0,0,0,C,thn_2003,2003,Operable,Y,975
1652,0,0,0,C,thn_975,2003,Operable,Y,975
1654,0,0,0,N,53,2003,Operable,Y,53
1655,0,0,0,C,53,2003,Operable,Y,53
1656,0,0,0,C,2003,2003,Operable,Y,53
1658,0,0,0,C,thn_2003,2003,Operable,Y,53
1657,0,0,0,C,thn_53,2003,Operable,Y,53
1659,0,0,0,N,428,2013,Operable,Y,428
1660,0,0,0,C,428,2013,Operable,Y,428
1661,0,0,0,C,2013,2013,Operable,Y,428
1663,0,0,0,C,thn_2013,2013,Operable,Y,428
1662,0,0,0,C,thn_428,2013,Operable,Y,428
1664,0,0,0,N,504,2013,Low Operability,N,504
1665,0,0,0,C,504,2013,Low Operability,N,504
1666,0,0,0,C,2013,2013,Low Operability,N,504
1667,0,0,0,N,892,2013,Operable,Y,892
1668,0,0,0,C,892,2013,Operable,Y,892
1669,0,0,0,C,2013,2013,Operable,Y,892
1671,0,0,0,C,thn_2013,2013,Operable,Y,892
1670,0,0,0,C,thn_892,2013,Operable,Y,892
1672,0,0,0,N,905,905,Reserve,N,905
1673,0,0,0,N,2101,968,Reserve,N,2101
1674,0,0,0,N,976,2003,Operable,Y,976
1675,0,0,0,C,976,2003,Operable,Y,976
1676,0,0,0,C,2003,2003,Operable,Y,976
1678,0,0,0,C,thn_2003,2003,Operable,Y,976
1677,0,0,0,C,thn_976,2003,Operable,Y,976
1679,0,0,0,N,462,2023,Operable,Y,462
1680,0,0,0,C,462,2023,Operable,Y,462
1681,0,0,0,C,2023,2023,Operable,Y,462
1683,0,0,0,C,thn_2023,2023,Operable,Y,462
1682,0,0,0,C,thn_462,2023,Operable,Y,462
1684,0,0,0,N,794,2023,Operable,Y,794
1685,0,0,0,C,794,2023,Operable,Y,794
1686,0,0,0,C,2023,2023,Operable,Y,794
1688,0,0,0,C,thn_2023,2023,Operable,Y,794
1687,0,0,0,C,thn_794,2023,Operable,Y,794
1689,0,0,0,N,794,2003,Operable,Y,794
1690,0,0,0,C,794,2003,Operable,Y,794
1691,0,0,0,C,2003,2003,Operable,Y,794
1693,0,0,0,C,thn_2003,2003,Operable,Y,794
1692,0,0,0,C,thn_794,2003,Operable,Y,794
1694,0,0,0,N,883,2023,Operable,Y,883
1695,0,0,0,C,883,2023,Operable,Y,883
1696,0,0,0,C,2023,2023,Operable,Y,883
1698,0,0,0,C,thn_2023,2023,Operable,Y,883
1697,0,0,0,C,thn_883,2023,Operable,Y,883
1699,0,0,0,N,891,891,Reserve,N,891
1700,0,0,0,N,915,2003,Operable,Y,915
1701,0,0,0,C,915,2003,Operable,Y,915
1702,0,0,0,C,2003,2003,Operable,Y,915
1704,0,0,0,C,thn_2003,2003,Operable,Y,915
1703,0,0,0,C,thn_915,2003,Operable,Y,915
1705,0,0,0,N,947,2003,Operable,Y,947
1706,0,0,0,C,947,2003,Operable,Y,947
1707,0,0,0,C,2003,2003,Operable,Y,947
1709,0,0,0,C,thn_2003,2003,Operable,Y,947
1708,0,0,0,C,thn_947,2003,Operable,Y,947
1710,0,0,0,N,981,2003,Operable,Y,981
1711,0,0,0,C,981,2003,Operable,Y,981
1712,0,0,0,C,2003,2003,Operable,Y,981
1714,0,0,0,C,thn_2003,2003,Operable,Y,981
1713,0,0,0,C,thn_981,2003,Operable,Y,981
1715,0,0,0,N,1013,1013,Reserve,N,1013
1716,0,0,0,N,1040,2003,Low Operability,N,1040
1717,0,0,0,C,1040,2003,Low Operability,N,1040
1718,0,0,0,C,2003,2003,Low Operability,N,1040
1719,0,0,0,N,181,2023,Operable,Y,181
1720,0,0,0,C,181,2023,Operable,Y,181
1721,0,0,0,C,2023,2023,Operable,Y,181
1723,0,0,0,C,thn_2023,2023,Operable,Y,181
1722,0,0,0,C,thn_181,2023,Operable,Y,181
1724,0,0,0,N,2101,928,Reserve,N,2101
1725,0,0,0,N,128,2013,Operable,Y,128
1726,0,0,0,C,128,2013,Operable,Y,128
1727,0,0,0,C,2013,2013,Operable,Y,128
1729,0,0,0,C,thn_2013,2013,Operable,Y,128
1728,0,0,0,C,thn_128,2013,Operable,Y,128
1730,0,0,0,N,786,2003,Operable,Y,786
1731,0,0,0,C,786,2003,Operable,Y,786
1732,0,0,0,C,2003,2003,Operable,Y,786
1734,0,0,0,C,thn_2003,2003,Operable,Y,786
1733,0,0,0,C,thn_786,2003,Operable,Y,786
1735,0,0,0,N,54,2003,Operable,Y,54
1736,0,0,0,C,54,2003,Operable,Y,54
1737,0,0,0,C,2003,2003,Operable,Y,54
1739,0,0,0,C,thn_2003,2003,Operable,Y,54
1738,0,0,0,C,thn_54,2003,Operable,Y,54
1740,0,0,0,N,88,2003,Operable,Y,88
1741,0,0,0,C,88,2003,Operable,Y,88
1742,0,0,0,C,2003,2003,Operable,Y,88
1744,0,0,0,C,thn_2003,2003,Operable,Y,88
1743,0,0,0,C,thn_88,2003,Operable,Y,88
1745,0,0,0,N,199,2003,Operable,Y,199
1746,0,0,0,C,199,2003,Operable,Y,199
1747,0,0,0,C,2003,2003,Operable,Y,199
1749,0,0,0,C,thn_2003,2003,Operable,Y,199
1748,0,0,0,C,thn_199,2003,Operable,Y,199
1750,0,0,0,N,2121,690,Reserve,N,2121
1751,0,0,0,N,5,2023,Operable,Y,5
1752,0,0,0,C,5,2023,Operable,Y,5
1753,0,0,0,C,2023,2023,Operable,Y,5
1755,0,0,0,C,thn_2023,2023,Operable,Y,5
1754,0,0,0,C,thn_5,2023,Operable,Y,5
1756,0,0,0,N,205,2003,Operable,Y,205
1757,0,0,0,C,205,2003,Operable,Y,205
1758,0,0,0,C,2003,2003,Operable,Y,205
1760,0,0,0,C,thn_2003,2003,Operable,Y,205
1759,0,0,0,C,thn_205,2003,Operable,Y,205
1761,0,0,0,N,653,653,Reserve,N,653
1762,0,0,0,N,122,2023,Operable,Y,122
1763,0,0,0,C,122,2023,Operable,Y,122
1764,0,0,0,C,2023,2023,Operable,Y,122
1766,0,0,0,C,thn_2023,2023,Operable,Y,122
1765,0,0,0,C,thn_122,2023,Operable,Y,122
1767,0,0,0,N,434,2013,Operable,Y,434
1768,0,0,0,C,434,2013,Operable,Y,434
1769,0,0,0,C,2013,2013,Operable,Y,434
1771,0,0,0,C,thn_2013,2013,Operable,Y,434
1770,0,0,0,C,thn_434,2013,Operable,Y,434
1772,0,0,0,N,844,2003,Operable,Y,844
1773,0,0,0,C,844,2003,Operable,Y,844
1774,0,0,0,C,2003,2003,Operable,Y,844
1776,0,0,0,C,thn_2003,2003,Operable,Y,844
1775,0,0,0,C,thn_844,2003,Operable,Y,844
1777,0,0,0,N,396,2003,Operable,Y,396
1778,0,0,0,C,396,2003,Operable,Y,396
1779,0,0,0,C,2003,2003,Operable,Y,396
1781,0,0,0,C,thn_2003,2003,Operable,Y,396
1780,0,0,0,C,thn_396,2003,Operable,Y,396
1782,0,0,0,N,191,2003,Operable,Y,191
1783,0,0,0,C,191,2003,Operable,Y,191
1784,0,0,0,C,2003,2003,Operable,Y,191
1786,0,0,0,C,thn_2003,2003,Operable,Y,191
1785,0,0,0,C,thn_191,2003,Operable,Y,191
1787,0,0,0,N,294,2003,Operable,Y,294
1788,0,0,0,C,294,2003,Operable,Y,294
1789,0,0,0,C,2003,2003,Operable,Y,294
1791,0,0,0,C,thn_2003,2003,Operable,Y,294
1790,0,0,0,C,thn_294,2003,Operable,Y,294
1792,0,0,0,N,783,2013,Operable,Y,783
1793,0,0,0,C,783,2013,Operable,Y,783
1794,0,0,0,C,2013,2013,Operable,Y,783
1796,0,0,0,C,thn_2013,2013,Operable,Y,783
1795,0,0,0,C,thn_783,2013,Operable,Y,783
1797,0,0,0,N,2101,876,Reserve,N,2101
1798,0,0,0,N,954,2013,Operable,Y,954
1799,0,0,0,C,954,2013,Operable,Y,954
1800,0,0,0,C,2013,2013,Operable,Y,954
1802,0,0,0,C,thn_2013,2013,Operable,Y,954
1801,0,0,0,C,thn_954,2013,Operable,Y,954
1803,0,0,0,N,400,2003,Low Operability,N,400
1804,0,0,0,C,400,2003,Low Operability,N,400
1805,0,0,0,C,2003,2003,Low Operability,N,400
1806,0,0,0,N,485,2003,Operable,Y,485
1807,0,0,0,C,485,2003,Operable,Y,485
1808,0,0,0,C,2003,2003,Operable,Y,485
1810,0,0,0,C,thn_2003,2003,Operable,Y,485
1809,0,0,0,C,thn_485,2003,Operable,Y,485
1811,0,0,0,N,18,2003,Operable,Y,18
1812,0,0,0,C,18,2003,Operable,Y,18
1813,0,0,0,C,2003,2003,Operable,Y,18
1815,0,0,0,C,thn_2003,2003,Operable,Y,18
1814,0,0,0,C,thn_18,2003,Operable,Y,18
1816,0,0,0,N,143,2003,Operable,Y,143
1817,0,0,0,C,143,2003,Operable,Y,143
1818,0,0,0,C,2003,2003,Operable,Y,143
1820,0,0,0,C,thn_2003,2003,Operable,Y,143
1819,0,0,0,C,thn_143,2003,Operable,Y,143
1821,0,0,0,N,461,2023,Operable,Y,461
1822,0,0,0,C,461,2023,Operable,Y,461
1823,0,0,0,C,2023,2023,Operable,Y,461
1825,0,0,0,C,thn_2023,2023,Operable,Y,461
1824,0,0,0,C,thn_461,2023,Operable,Y,461
1826,0,0,0,N,971,2003,Operable,Y,971
1827,0,0,0,C,971,2003,Operable,Y,971
1828,0,0,0,C,2003,2003,Operable,Y,971
1830,0,0,0,C,thn_2003,2003,Operable,Y,971
1829,0,0,0,C,thn_971,2003,Operable,Y,971
1831,0,0,0,N,1025,2023,Operable,Y,1025
1832,0,0,0,C,1025,2023,Operable,Y,1025
1833,0,0,0,C,2023,2023,Operable,Y,1025
1835,0,0,0,C,thn_2023,2023,Operable,Y,1025
1834,0,0,0,C,thn_1025,2023,Operable,Y,1025
1836,0,0,0,N,110,2004,Operable,Y,110
1837,0,0,0,C,110,2004,Operable,Y,110
1838,0,0,0,C,2004,2004,Operable,Y,110
1840,0,0,0,C,thn_2004,2004,Operable,Y,110
1839,0,0,0,C,thn_110,2004,Operable,Y,110
1841,0,0,0,N,2101,933,Reserve,N,2101
1842,0,0,0,N,70,2024,Operable,Y,70
1843,0,0,0,C,70,2024,Operable,Y,70
1844,0,0,0,C,2024,2024,Operable,Y,70
1846,0,0,0,C,thn_2024,2024,Operable,Y,70
1845,0,0,0,C,thn_70,2024,Operable,Y,70
1847,0,0,0,N,920,2004,Operable,Y,920
1848,0,0,0,C,920,2004,Operable,Y,920
1849,0,0,0,C,2004,2004,Operable,Y,920
1851,0,0,0,C,thn_2004,2004,Operable,Y,920
1850,0,0,0,C,thn_920,2004,Operable,Y,920
1852,0,0,0,N,2124,2024,Operable,Y,2124
1853,0,0,0,C,2124,2024,Operable,Y,2124
1854,0,0,0,C,2024,2024,Operable,Y,2124
1856,0,0,0,C,thn_2024,2024,Operable,Y,2124
1855,0,0,0,C,thn_2124,2024,Operable,Y,2124
1857,0,0,0,N,449,2004,Operable,Y,449
1858,0,0,0,C,449,2004,Operable,Y,449
1859,0,0,0,C,2004,2004,Operable,Y,449
1861,0,0,0,C,thn_2004,2004,Operable,Y,449
1860,0,0,0,C,thn_449,2004,Operable,Y,449
1862,0,0,0,N,919,2004,Operable,Y,919
1863,0,0,0,C,919,2004,Operable,Y,919
1864,0,0,0,C,2004,2004,Operable,Y,919
1866,0,0,0,C,thn_2004,2004,Operable,Y,919
1865,0,0,0,C,thn_919,2004,Operable,Y,919
1867,0,0,0,N,182,2024,Operable,Y,182
1868,0,0,0,C,182,2024,Operable,Y,182
1869,0,0,0,C,2024,2024,Operable,Y,182
1871,0,0,0,C,thn_2024,2024,Operable,Y,182
1870,0,0,0,C,thn_182,2024,Operable,Y,182
1872,0,0,0,N,486,2004,Operable,Y,486
1873,0,0,0,C,486,2004,Operable,Y,486
1874,0,0,0,C,2004,2004,Operable,Y,486
1876,0,0,0,C,thn_2004,2004,Operable,Y,486
1875,0,0,0,C,thn_486,2004,Operable,Y,486
1877,0,0,0,N,1004,1004,Reserve,N,1004
1878,0,0,0,N,354,2004,Operable,Y,354
1879,0,0,0,C,354,2004,Operable,Y,354
1880,0,0,0,C,2004,2004,Operable,Y,354
1882,0,0,0,C,thn_2004,2004,Operable,Y,354
1881,0,0,0,C,thn_354,2004,Operable,Y,354
1883,0,0,0,N,530,2024,Low Operability,N,530
1884,0,0,0,C,530,2024,Low Operability,N,530
1885,0,0,0,C,2024,2024,Low Operability,N,530
1886,0,0,0,N,651,2024,Low Operability,N,651
1887,0,0,0,C,651,2024,Low Operability,N,651
1888,0,0,0,C,2024,2024,Low Operability,N,651
1889,0,0,0,N,839,2004,Operable,Y,839
1890,0,0,0,C,839,2004,Operable,Y,839
1891,0,0,0,C,2004,2004,Operable,Y,839
1893,0,0,0,C,thn_2004,2004,Operable,Y,839
1892,0,0,0,C,thn_839,2004,Operable,Y,839
1894,0,0,0,N,870,2004,Operable,Y,870
1895,0,0,0,C,870,2004,Operable,Y,870
1896,0,0,0,C,2004,2004,Operable,Y,870
1898,0,0,0,C,thn_2004,2004,Operable,Y,870
1897,0,0,0,C,thn_870,2004,Operable,Y,870
1899,0,0,0,N,1061,2004,Operable,Y,1061
1900,0,0,0,C,1061,2004,Operable,Y,1061
1901,0,0,0,C,2004,2004,Operable,Y,1061
1903,0,0,0,C,thn_2004,2004,Operable,Y,1061
1902,0,0,0,C,thn_1061,2004,Operable,Y,1061
1904,0,0,0,N,2101,922,Reserve,N,2101
1905,0,0,0,N,2101,206,Reserve,N,2101
1906,0,0,0,N,319,2024,Operable,Y,319
1907,0,0,0,C,319,2024,Operable,Y,319
1908,0,0,0,C,2024,2024,Operable,Y,319
1910,0,0,0,C,thn_2024,2024,Operable,Y,319
1909,0,0,0,C,thn_319,2024,Operable,Y,319
1911,0,0,0,N,840,2004,Operable,Y,840
1912,0,0,0,C,840,2004,Operable,Y,840
1913,0,0,0,C,2004,2004,Operable,Y,840
1915,0,0,0,C,thn_2004,2004,Operable,Y,840
1914,0,0,0,C,thn_840,2004,Operable,Y,840
1916,0,0,0,N,871,2004,Operable,Y,871
1917,0,0,0,C,871,2004,Operable,Y,871
1918,0,0,0,C,2004,2004,Operable,Y,871
1920,0,0,0,C,thn_2004,2004,Operable,Y,871
1919,0,0,0,C,thn_871,2004,Operable,Y,871
1921,0,0,0,N,1001,2004,Operable,Y,1001
1922,0,0,0,C,1001,2004,Operable,Y,1001
1923,0,0,0,C,2004,2004,Operable,Y,1001
1925,0,0,0,C,thn_2004,2004,Operable,Y,1001
1924,0,0,0,C,thn_1001,2004,Operable,Y,1001
1926,0,0,0,N,132,2004,Operable,Y,132
1927,0,0,0,C,132,2004,Operable,Y,132
1928,0,0,0,C,2004,2004,Operable,Y,132
1930,0,0,0,C,thn_2004,2004,Operable,Y,132
1929,0,0,0,C,thn_132,2004,Operable,Y,132
1931,0,0,0,N,2114,2014,Operable,Y,2114
1932,0,0,0,C,2114,2014,Operable,Y,2114
1933,0,0,0,C,2014,2014,Operable,Y,2114
1935,0,0,0,C,thn_2014,2014,Operable,Y,2114
1934,0,0,0,C,thn_2114,2014,Operable,Y,2114
1936,0,0,0,N,872,2004,Operable,Y,872
1937,0,0,0,C,872,2004,Operable,Y,872
1938,0,0,0,C,2004,2004,Operable,Y,872
1940,0,0,0,C,thn_2004,2004,Operable,Y,872
1939,0,0,0,C,thn_872,2004,Operable,Y,872
1941,0,0,0,N,632,2004,Low Operability,N,632
1942,0,0,0,C,632,2004,Low Operability,N,632
1943,0,0,0,C,2004,2004,Low Operability,N,632
1944,0,0,0,N,917,2004,Operable,Y,917
1945,0,0,0,C,917,2004,Operable,Y,917
1946,0,0,0,C,2004,2004,Operable,Y,917
1948,0,0,0,C,thn_2004,2004,Operable,Y,917
1947,0,0,0,C,thn_917,2004,Operable,Y,917
1949,0,0,0,N,87,2024,Operable,Y,87
1950,0,0,0,C,87,2024,Operable,Y,87
1951,0,0,0,C,2024,2024,Operable,Y,87
1953,0,0,0,C,thn_2024,2024,Operable,Y,87
1952,0,0,0,C,thn_87,2024,Operable,Y,87
1954,0,0,0,N,854,2004,Operable,Y,854
1955,0,0,0,C,854,2004,Operable,Y,854
1956,0,0,0,C,2004,2004,Operable,Y,854
1958,0,0,0,C,thn_2004,2004,Operable,Y,854
1957,0,0,0,C,thn_854,2004,Operable,Y,854
1959,0,0,0,N,2101,938,Reserve,N,2101
1960,0,0,0,N,843,2004,Operable,Y,843
1961,0,0,0,C,843,2004,Operable,Y,843
1962,0,0,0,C,2004,2004,Operable,Y,843
1964,0,0,0,C,thn_2004,2004,Operable,Y,843
1963,0,0,0,C,thn_843,2004,Operable,Y,843
1965,0,0,0,N,204,2004,Operable,Y,204
1966,0,0,0,C,204,2004,Operable,Y,204
1967,0,0,0,C,2004,2004,Operable,Y,204
1969,0,0,0,C,thn_2004,2004,Operable,Y,204
1968,0,0,0,C,thn_204,2004,Operable,Y,204
1970,0,0,0,N,2101,192,Riparian,N,2101
1971,0,0,0,N,972,972,Riparian,N,972
1972,0,0,0,N,970,970,Riparian,N,970
1973,0,0,0,N,976,976,Riparian,N,976
1974,0,0,0,N,971,971,Riparian,N,971
1975,0,0,0,N,2101,214,Riparian,N,2101
1976,0,0,0,N,921,921,Riparian,N,921
1977,0,0,0,N,854,854,Riparian,N,854
1978,0,0,0,N,961,961,Riparian,N,961
1979,0,0,0,N,769,769,Riparian,N,769
1980,0,0,0,N,544,544,Riparian,N,544
1981,0,0,0,N,2101,908,Riparian,N,2101
1982,0,0,0,N,814,814,Riparian,N,814
1983,0,0,0,N,1055,1055,Riparian,N,1055
1984,0,0,0,N,825,825,Riparian,N,825
1985,0,0,0,N,909,909,Riparian,N,909
1986,0,0,0,N,2101,918,Riparian,N,2101
1987,0,0,0,N,1098,1098,Riparian,N,1098
1988,0,0,0,N,811,811,Riparian,N,811
1989,0,0,0,N,2101,140,Riparian,N,2101
1990,0,0,0,N,2101,821,Riparian,N,2101
1991,0,0,0,N,2101,927,Riparian,N,2101
1992,0,0,0,N,794,794,Riparian,N,794
1993,0,0,0,N,883,883,Riparian,N,883
1994,0,0,0,N,2101,318,Riparian,N,2101
1995,0,0,0,N,2101,1056,Riparian,N,2101
1996,0,0,0,N,2101,932,Riparian,N,2101
1997,0,0,0,N,2101,701,Riparian,N,2101
1998,0,0,0,N,1061,1061,Riparian,N,1061
1999,0,0,0,N,840,840,Riparian,N,840
2000,0,0,0,N,2101,925,Riparian,N,2101
2001,0,0,0,N,2201,81,Riparian,N,2201
2002,0,0,0,N,2101,824,Riparian,N,2101
2003,0,0,0,N,2101,857,Riparian,N,2101
2004,0,0,0,N,2101,785,Riparian,N,2101
2005,0,0,0,N,2101,545,Riparian,N,2101
2006,0,0,0,N,535,535,Riparian,N,535
2007,0,0,0,N,2101,986,Riparian,N,2101
2008,0,0,0,N,2101,69,Riparian,N,2101
2009,0,0,0,N,2101,999,Riparian,N,2101
2010,0,0,0,N,2101,848,Riparian,N,2101
2011,0,0,0,N,207,207,Riparian,N,207
2012,0,0,0,N,1013,1013,Riparian,N,1013
2013,0,0,0,N,486,486,Riparian,N,486
2014,0,0,0,N,2101,487,Riparian,N,2101
2015,0,0,0,N,1004,1004,Riparian,N,1004
2016,0,0,0,N,2101,352,Riparian,N,2101
2017,0,0,0,N,2101,62,Riparian,N,2101
2018,0,0,0,N,2101,63,Riparian,N,2101
2019,0,0,0,N,2101,987,Riparian,N,2101
2020,0,0,0,N,2101,201,Riparian,N,2101
2021,0,0,0,N,843,843,Riparian,N,843
2022,0,0,0,N,799,799,Riparian,N,799
2023,0,0,0,N,797,797,Riparian,N,797
2024,0,0,0,N,465,465,Riparian,N,465
2025,0,0,0,N,464,464,Riparian,N,464
2026,0,0,0,N,2121,390,Riparian,N,2121
2027,0,0,0,N,743,743,Riparian,N,743
2028,0,0,0,N,450,450,Riparian,N,450
2029,0,0,0,N,853,853,Riparian,N,853
2030,0,0,0,N,902,902,Riparian,N,902
2031,0,0,0,N,531,531,Riparian,N,531
2032,0,0,0,N,2121,795,Riparian,N,2121
2033,0,0,0,N,448,448,Riparian,N,448
2034,0,0,0,N,2121,801,Riparian,N,2121
2035,0,0,0,N,2121,455,Riparian,N,2121
2036,0,0,0,N,205,205,Riparian,N,205
2037,0,0,0,N,2121,796,Riparian,N,2121
2038,0,0,0,N,449,449,Riparian,N,449
2039,0,0,0,N,2101,851,Riparian,N,2101
2040,0,0,0,N,520,520,Riparian,N,520
2041,0,0,0,N,522,522,Riparian,N,522
2042,0,0,0,N,392,392,Riparian,N,392
2043,0,0,0,N,567,567,Riparian,N,567
2044,0,0,0,N,2121,798,Riparian,N,2121
2045,0,0,0,N,2121,516,Riparian,N,2121
2046,0,0,0,N,566,566,Riparian,N,566
2047,0,0,0,N,2121,303,Riparian,N,2121
2048,0,0,0,N,617,617,Riparian,N,617
2049,0,0,0,N,1036,1036,Riparian,N,1036
2050,0,0,0,N,381,381,Riparian,N,381
2051,0,0,0,N,739,739,Riparian,N,739
2052,0,0,0,N,765,765,Riparian,N,765
2053,0,0,0,N,610,610,Riparian,N,610
2054,0,0,0,N,894,894,Riparian,N,894
2055,0,0,0,N,717,717,Riparian,N,717
2056,0,0,0,N,941,941,Riparian,N,941
2057,0,0,0,N,380,380,Riparian,N,380
2058,0,0,0,N,771,771,Riparian,N,771
2059,0,0,0,N,609,609,Riparian,N,609
2060,0,0,0,N,2121,599,Riparian,N,2121
2061,0,0,0,N,703,703,Riparian,N,703
2062,0,0,0,N,606,606,Riparian,N,606
2063,0,0,0,N,1017,1017,Riparian,N,1017
2064,0,0,0,N,2111,702,Riparian,N,2111
2065,0,0,0,N,767,767,Riparian,N,767
2066,0,0,0,N,378,378,Riparian,N,378
2067,0,0,0,N,878,878,Riparian,N,878
2068,0,0,0,N,893,893,Riparian,N,893
2069,0,0,0,N,890,890,Riparian,N,890
2070,0,0,0,N,868,868,Riparian,N,868
2071,0,0,0,N,436,436,Riparian,N,436
2072,0,0,0,N,442,442,Riparian,N,442
2073,0,0,0,N,563,563,Riparian,N,563
2074,0,0,0,N,144,144,Riparian,N,144
2075,0,0,0,N,2101,900,Riparian,N,2101
2076,0,0,0,N,704,704,Riparian,N,704
2077,0,0,0,N,2111,729,Riparian,N,2111
2078,0,0,0,N,2111,865,Riparian,N,2111
2079,0,0,0,N,2101,934,Riparian,N,2101
2080,0,0,0,N,867,867,Riparian,N,867
2081,0,0,0,N,162,162,Riparian,N,162
2082,0,0,0,N,889,889,Riparian,N,889
2083,0,0,0,N,863,863,Riparian,N,863
2084,0,0,0,N,891,891,Riparian,N,891
2085,0,0,0,N,2101,928,Riparian,N,2101
2086,0,0,0,N,2101,876,Riparian,N,2101
2087,0,0,0,N,2101,933,Riparian,N,2101
2088,0,0,0,N,2111,1029,Riparian,N,2111
2089,0,0,0,N,350,350,Riparian,N,350
2090,0,0,0,N,2121,685,Riparian,N,2121
2091,0,0,0,N,2111,685,Riparian,N,2111
2092,0,0,0,N,2121,435,Riparian,N,2121
2093,0,0,0,N,2121,692,Riparian,N,2121
2094,0,0,0,N,2111,1047,Riparian,N,2111
2095,0,0,0,N,2111,73,Riparian,N,2111
2096,0,0,0,N,2121,424,Riparian,N,2121
2097,0,0,0,N,425,425,Riparian,N,425
2098,0,0,0,N,654,654,Riparian,N,654
2099,0,0,0,N,412,412,Riparian,N,412
2100,0,0,0,N,105,105,Riparian,N,105
2101,0,0,0,N,506,506,Riparian,N,506
2102,0,0,0,N,413,413,Riparian,N,413
2103,0,0,0,N,546,546,Riparian,N,546
2104,0,0,0,N,668,668,Riparian,N,668
2105,0,0,0,N,596,596,Riparian,N,596
2106,0,0,0,N,2121,1107,Reserve,N,2121
2107,0,0,0,N,469,469,Riparian,N,469
2108,0,0,0,N,772,772,Riparian,N,772
2109,0,0,0,N,1048,2011,Operable,N,1048
2110,0,0,0,C,1048,2011,Operable,N,1048
2111,0,0,0,C,2011,2011,Operable,N,1048
2112,0,0,0,N,451,2023,Operable,Y,451
2113,0,0,0,C,451,2023,Operable,Y,451
2114,0,0,0,C,2023,2023,Operable,Y,451
2116,0,0,0,C,thn_2023,2023,Operable,Y,451
2115,0,0,0,C,thn_451,2023,Operable,Y,451
